DATE,wind,temp,hour,targVar,RateOfChange0.5,RateOfChange2,RateOfChange4,MovingAverage2,MovingAverage4
2018-08-01T00:00:00,113,230,0,114.7777778,10,0,-2.625,106.75,109.875
2018-08-01T00:30:00,118,230,0,114.7777778,5,3.75,0,110.5,109.875
2018-08-01T01:00:00,118,230,1,113.1111111,0,2.5,0,113,109.875
2018-08-01T01:30:00,113,230,1,113.7777778,-5,2.5,1.25,115.5,111.125
2018-08-01T02:00:00,103,230,2,114.3333333,-10,-2.5,-1.25,113,109.875
2018-08-01T02:30:00,108,230,2,114.8888889,5,-2.5,0.625,110.5,110.5
2018-08-01T03:00:00,118,230,3,116,10,0,1.25,110.5,111.75
2018-08-01T03:30:00,124,230,3,116,6,2.75,2.625,113.25,114.375
2018-08-01T04:00:00,118,230,4,117.1111111,-6,3.75,0.625,117,115
2018-08-01T04:30:00,113,230,4,118.3333333,-5,1.25,-0.625,118.25,114.375
2018-08-01T05:00:00,103,230,5,121.2222222,-10,-3.75,-1.875,114.5,112.5
2018-08-01T05:30:00,124,220,5,124.1111111,21,0,1.375,114.5,113.875
2018-08-01T06:00:00,118,220,6,124.1111111,-6,0,1.875,114.5,115.75
2018-08-01T06:30:00,108,230,6,124.7777778,-10,-1.25,0,113.25,115.75
2018-08-01T07:00:00,118,230,7,127.6666667,10,3.75,0,117,115.75
2018-08-01T07:30:00,118,230,7,131.1111111,0,-1.5,-0.75,115.5,115
2018-08-01T08:00:00,134,240,8,135.1111111,16,4,2,119.5,117
2018-08-01T08:30:00,129,240,8,136.7777778,-5,5.25,2,124.75,119
2018-08-01T09:00:00,139,250,9,137.8888889,10,5.25,4.5,130,123.5
2018-08-01T09:30:00,129,260,9,136.2222222,-10,2.75,0.625,132.75,124.125
2018-08-01T10:00:00,124,260,10,135.6666667,-5,-2.5,0.75,130.25,124.875
2018-08-01T10:30:00,124,270,10,136.7777778,0,-1.25,2,129,126.875
2018-08-01T11:00:00,134,270,11,138.4444444,10,-1.25,2,127.75,128.875
2018-08-01T11:30:00,149,260,11,137.8888889,15,5,3.875,132.75,132.75
2018-08-01T12:00:00,154,270,12,136.2222222,5,7.5,2.5,140.25,135.25
2018-08-01T12:30:00,149,270,12,133.4444444,-5,6.25,2.5,146.5,137.75
2018-08-01T13:00:00,139,270,13,131.7777778,-10,1.25,0,147.75,137.75
2018-08-01T13:30:00,124,280,13,132.8888889,-15,-6.25,-0.625,141.5,137.125
2018-08-01T14:00:00,124,280,14,135.6666667,0,-7.5,0,134,137.125
2018-08-01T14:30:00,134,270,14,136.7777778,10,-3.75,1.25,130.25,138.375
2018-08-01T15:00:00,139,270,15,133.8888889,5,0,0.625,130.25,139
2018-08-01T15:30:00,129,270,15,130.4444444,-10,1.25,-2.5,131.5,136.5
2018-08-01T16:00:00,134,270,16,128.6666667,5,2.5,-2.5,134,134
2018-08-01T16:30:00,129,270,16,125.7777778,-5,-1.25,-2.5,132.75,131.5
2018-08-01T17:00:00,134,270,17,121.7777778,5,-1.25,-0.625,131.5,130.875
2018-08-01T17:30:00,149,260,17,116.6666667,15,5,3.125,136.5,134
2018-08-01T18:00:00,149,250,18,111,0,3.75,3.125,140.25,137.125
2018-08-01T18:30:00,134,250,18,105.8888889,-15,1.25,0,141.5,137.125
2018-08-01T19:00:00,108,250,19,103,-26,-6.5,-3.875,135,133.25
2018-08-01T19:30:00,108,240,19,103,0,-10.25,-2.625,124.75,130.625
2018-08-01T20:00:00,113,240,20,102.4444444,5,-9,-2.625,115.75,128
2018-08-01T20:30:00,108,240,20,99,-5,-6.5,-2.625,109.25,125.375
2018-08-01T21:00:00,93,240,21,96.11111111,-15,-3.75,-5.125,105.5,120.25
2018-08-01T21:30:00,88,230,21,95.55555556,-5,-5,-7.625,100.5,112.625
2018-08-01T22:00:00,98,230,22,96.11111111,10,-3.75,-6.375,96.75,106.25
2018-08-01T22:30:00,103,230,22,95.55555556,5,-1.25,-3.875,95.5,102.375
2018-08-01T23:00:00,108,230,23,93.88888889,5,3.75,0,99.25,102.375
2018-08-01T23:30:00,108,230,23,91.66666667,0,5,0,104.25,102.375
2018-08-02T00:00:00,103,220,0,92.22222222,-5,1.25,-1.25,105.5,101.125
2018-08-02T00:30:00,82,230,0,92.77777778,-21,-5.25,-3.25,100.25,97.875
2018-08-02T01:00:00,82,220,1,96.22222222,0,-6.5,-1.375,93.75,96.5
2018-08-02T01:30:00,88,220,1,96.22222222,6,-5,0,88.75,96.5
2018-08-02T02:00:00,93,220,2,95.55555556,5,-2.5,-0.625,86.25,95.875
2018-08-02T02:30:00,93,220,2,95.55555556,0,2.75,-1.25,89,94.625
2018-08-02T03:00:00,88,220,3,96.11111111,-5,1.5,-2.5,90.5,92.125
2018-08-02T03:30:00,88,220,3,96.66666667,0,0,-2.5,90.5,89.625
2018-08-02T04:00:00,113,220,4,98.33333333,25,5,1.25,95.5,90.875
2018-08-02T04:30:00,108,220,4,97.22222222,-5,3.75,3.25,99.25,94.125
2018-08-02T05:00:00,113,220,5,97.22222222,5,6.25,3.875,105.5,98
2018-08-02T05:30:00,82,220,5,97.77777778,-31,-1.5,-0.75,104,97.25
2018-08-02T06:00:00,82,220,6,101.7777778,0,-7.75,-1.375,96.25,95.875
2018-08-02T06:30:00,93,220,6,105.7777778,11,-3.75,0,92.5,95.875
2018-08-02T07:00:00,98,220,7,109.2222222,5,-3.75,1.25,88.75,97.125
2018-08-02T07:30:00,93,220,7,111.4444444,-5,2.75,0.625,91.5,97.75
2018-08-02T08:00:00,103,230,8,115.4444444,10,5.25,-1.25,96.75,96.5
2018-08-02T08:30:00,103,240,8,118.3333333,0,2.5,-0.625,99.25,95.875
2018-08-02T09:00:00,108,240,9,119.4444444,5,2.5,-0.625,101.75,95.25
2018-08-02T09:30:00,118,250,9,120.5555556,10,6.25,4.5,108,99.75
2018-08-02T10:00:00,118,250,10,120,0,3.75,4.5,111.75,104.25
2018-08-02T10:30:00,118,260,10,117.7777778,0,3.75,3.125,115.5,107.375
2018-08-02T11:00:00,124,260,11,118.4444444,6,4,3.25,119.5,110.625
2018-08-02T11:30:00,118,270,11,115,-6,0,3.125,119.5,113.75
2018-08-02T12:00:00,129,270,12,105.3333333,11,2.75,3.25,122.25,117
2018-08-02T12:30:00,129,270,12,93.88888889,0,2.75,3.25,125,120.25
2018-08-02T13:00:00,113,280,13,85.22222222,-16,-2.75,0.625,122.25,120.875
2018-08-02T13:30:00,118,280,13,76.66666667,5,0,0,122.25,120.875
2018-08-02T14:00:00,113,270,14,68.66666667,-5,-4,-0.625,118.25,120.25
2018-08-02T14:30:00,98,280,14,61.22222222,-15,-7.75,-2.5,110.5,117.75
2018-08-02T15:00:00,124,270,15,52.66666667,26,2.75,0,113.25,117.75
2018-08-02T15:30:00,93,270,15,42.33333333,-31,-6.25,-3.125,107,114.625
2018-08-02T16:00:00,31,260,16,36,-62,-20.5,-12.25,86.5,102.375
2018-08-02T16:30:00,26,260,16,36,-5,-18,-12.875,68.5,89.5
2018-08-02T17:00:00,51,260,17,35.44444444,25,-18.25,-7.75,50.25,81.75
2018-08-02T17:30:00,36,250,17,30.33333333,-15,-14.25,-10.25,36,71.5
2018-08-02T18:00:00,46,250,18,30.88888889,10,3.75,-8.375,39.75,63.125
2018-08-02T18:30:00,46,240,18,31.44444444,0,5,-6.5,44.75,56.625
2018-08-02T19:00:00,21,240,19,32.66666667,-25,-7.5,-12.875,37.25,43.75
2018-08-02T19:30:00,31,230,19,36,10,-1.25,-7.75,36,36
2018-08-02T20:00:00,36,230,20,38.88888889,5,-2.5,0.625,33.5,36.625
2018-08-02T20:30:00,31,230,20,41.22222222,-5,-3.75,0.625,29.75,37.25
2018-08-02T21:00:00,21,230,21,43.44444444,-10,0,-3.75,29.75,33.5
2018-08-02T21:30:00,5,220,21,45.66666667,-16,-6.5,-3.875,23.25,29.625
2018-08-02T22:00:00,41,230,22,50.22222222,36,1.25,-0.625,24.5,29
2018-08-02T22:30:00,51,230,22,52.55555556,10,5,0.625,29.5,29.625
2018-08-02T23:00:00,57,230,23,53.22222222,6,9,4.5,38.5,34.125
2018-08-02T23:30:00,51,220,23,53.77777778,-6,11.5,2.5,50,36.625
2018-08-03T00:00:00,57,220,0,54.44444444,6,4,2.625,54,39.25
2018-08-03T00:30:00,57,220,0,51.55555556,0,1.5,3.25,55.5,42.5
2018-08-03T01:00:00,51,220,1,49.22222222,-6,-1.5,3.75,54,46.25
2018-08-03T01:30:00,41,220,1,45.88888889,-10,-2.5,4.5,51.5,50.75
2018-08-03T02:00:00,46,220,2,45.33333333,5,-2.75,0.625,48.75,51.375
2018-08-03T02:30:00,62,220,2,43.66666667,16,1.25,1.375,50,52.75
2018-08-03T03:00:00,57,220,3,40.22222222,-5,1.5,0,51.5,52.75
2018-08-03T03:30:00,62,220,3,37.33333333,5,5.25,1.375,56.75,54.125
2018-08-03T04:00:00,57,220,4,36.77777778,-5,2.75,0,59.5,54.125
2018-08-03T04:30:00,31,220,4,36.11111111,-26,-7.75,-3.25,51.75,50.875
2018-08-03T05:00:00,36,210,5,41.22222222,5,-5.25,-1.875,46.5,49
2018-08-03T05:30:00,21,210,5,46.33333333,-15,-10.25,-2.5,36.25,46.5
2018-08-03T06:00:00,36,210,6,53.77777778,15,-5.25,-1.25,31,45.25
2018-08-03T06:30:00,31,210,6,59.55555556,-5,0,-3.875,31,41.375
2018-08-03T07:00:00,31,210,7,65.22222222,0,-1.25,-3.25,29.75,38.125
2018-08-03T07:30:00,31,220,7,70.33333333,0,2.5,-3.875,32.25,34.25
2018-08-03T08:00:00,57,230,8,75.44444444,26,5.25,0,37.5,34.25
2018-08-03T08:30:00,51,230,8,77.66666667,-6,5,2.5,42.5,36.75
2018-08-03T09:00:00,77,240,9,81.77777778,26,11.5,5.125,54,41.875
2018-08-03T09:30:00,82,250,9,83.55555556,5,12.75,7.625,66.75,49.5
2018-08-03T10:00:00,88,260,10,84.77777778,6,7.75,6.5,74.5,56
2018-08-03T10:30:00,88,260,10,84.77777778,0,9.25,7.125,83.75,63.125
2018-08-03T11:00:00,82,260,11,85.33333333,-6,1.25,6.375,85,69.5
2018-08-03T11:30:00,77,260,11,86,-5,-1.25,5.75,83.75,75.25
2018-08-03T12:00:00,77,250,12,87.22222222,0,-2.75,2.5,81,77.75
2018-08-03T12:30:00,77,260,12,89.55555556,0,-2.75,3.25,78.25,81
2018-08-03T13:00:00,88,260,13,91.88888889,11,1.5,1.375,79.75,82.375
2018-08-03T13:30:00,93,260,13,93,5,4,1.375,83.75,83.75
2018-08-03T14:00:00,93,270,14,94.66666667,0,4,0.625,87.75,84.375
2018-08-03T14:30:00,88,260,14,95.22222222,-5,2.75,0,90.5,84.375
2018-08-03T15:00:00,93,260,15,96.33333333,5,1.25,1.375,91.75,85.75
2018-08-03T15:30:00,88,260,15,95.77777778,-5,-1.25,1.375,90.5,87.125
2018-08-03T16:00:00,88,260,16,95.11111111,0,-1.25,1.375,89.25,88.5
2018-08-03T16:30:00,98,260,16,93.33333333,10,2.5,2.625,91.75,91.125
2018-08-03T17:00:00,98,260,17,91,0,1.25,1.25,93,92.375
2018-08-03T17:30:00,98,250,17,87.55555556,0,2.5,0.625,95.5,93
2018-08-03T18:00:00,108,250,18,84.66666667,10,5,1.875,100.5,94.875
2018-08-03T18:30:00,98,250,18,81.77777778,-10,0,1.25,100.5,96.125
2018-08-03T19:00:00,98,240,19,79.44444444,0,0,0.625,100.5,96.75
2018-08-03T19:30:00,88,240,19,76,-10,-2.5,0,98,96.75
2018-08-03T20:00:00,82,230,20,73.66666667,-6,-6.5,-0.75,91.5,96
2018-08-03T20:30:00,72,230,20,72.55555556,-10,-6.5,-3.25,85,92.75
2018-08-03T21:00:00,77,230,21,71.44444444,5,-5.25,-2.625,79.75,90.125
2018-08-03T21:30:00,67,230,21,69.22222222,-10,-5.25,-3.875,74.5,86.25
2018-08-03T22:00:00,72,230,22,69.77777778,5,-2.5,-4.5,72,81.75
2018-08-03T22:30:00,82,230,22,69.22222222,10,2.5,-2,74.5,79.75
2018-08-03T23:00:00,77,230,23,66.44444444,-5,0,-2.625,74.5,77.125
2018-08-03T23:30:00,67,230,23,64.22222222,-10,0,-2.625,74.5,74.5
2018-08-04T00:00:00,67,220,0,63.66666667,0,-1.25,-1.875,73.25,72.625
2018-08-04T00:30:00,72,220,0,63.11111111,5,-2.5,0,70.75,72.625
2018-08-04T01:00:00,62,220,1,62.55555556,-10,-3.75,-1.875,67,70.75
2018-08-04T01:30:00,57,220,1,62.55555556,-5,-2.5,-1.25,64.5,69.5
2018-08-04T02:00:00,72,220,2,62.55555556,15,1.25,0,65.75,69.5
2018-08-04T02:30:00,67,220,2,60.88888889,-5,-1.25,-1.875,64.5,67.625
2018-08-04T03:00:00,57,220,3,60.33333333,-10,-1.25,-2.5,63.25,65.125
2018-08-04T03:30:00,57,220,3,60.88888889,0,0,-1.25,63.25,63.875
2018-08-04T04:00:00,62,220,4,61.44444444,5,-2.5,-0.625,60.75,63.25
2018-08-04T04:30:00,62,220,4,63.11111111,0,-1.25,-1.25,59.5,62
2018-08-04T05:00:00,67,220,5,64.22222222,5,2.5,0.625,62,62.625
2018-08-04T05:30:00,62,220,5,65.88888889,-5,1.25,0.625,63.25,63.25
2018-08-04T06:00:00,57,220,6,70.44444444,-5,-1.25,-1.875,62,61.375
2018-08-04T06:30:00,57,220,6,75.55555556,0,-1.25,-1.25,60.75,60.125
2018-08-04T07:00:00,62,220,7,81.22222222,5,-1.25,0.625,59.5,60.75
2018-08-04T07:30:00,62,220,7,87.44444444,0,0,0.625,59.5,61.375
2018-08-04T08:00:00,62,230,8,92,0,1.25,0,60.75,61.375
2018-08-04T08:30:00,77,230,8,98.88888889,15,5,1.875,65.75,63.25
2018-08-04T09:00:00,72,240,9,103.4444444,-5,2.5,0.625,68.25,63.875
2018-08-04T09:30:00,82,240,9,108.5555556,10,5,2.5,73.25,66.375
2018-08-04T10:00:00,103,240,10,113.2222222,21,10.25,5.75,83.5,72.125
2018-08-04T10:30:00,103,250,10,114.8888889,0,6.5,5.75,90,77.875
2018-08-04T11:00:00,108,260,11,117.2222222,5,9,5.75,99,83.625
2018-08-04T11:30:00,118,260,11,117.7777778,10,9,7,108,90.625
2018-08-04T12:00:00,103,270,12,116.6666667,-15,0,5.125,108,95.75
2018-08-04T12:30:00,124,260,12,119.5555556,21,5.25,5.875,113.25,101.625
2018-08-04T13:00:00,118,270,13,119.5555556,-6,2.5,5.75,115.75,107.375
2018-08-04T13:30:00,118,270,13,119,0,0,4.5,115.75,111.875
2018-08-04T14:00:00,124,270,14,116.7777778,6,5.25,2.625,121,114.5
2018-08-04T14:30:00,118,270,14,115,-6,-1.5,1.875,119.5,116.375
2018-08-04T15:00:00,124,270,15,114.4444444,6,1.5,2,121,118.375
2018-08-04T15:30:00,113,270,15,115,-11,-1.25,-0.625,119.75,117.75
2018-08-04T16:00:00,108,260,16,116.2222222,-5,-4,0.625,115.75,118.375
2018-08-04T16:30:00,129,250,16,118,21,2.75,0.625,118.5,119
2018-08-04T17:00:00,124,250,17,116.7777778,-5,0,0.75,118.5,119.75
2018-08-04T17:30:00,113,250,17,115.5555556,-11,0,-0.625,118.5,119.125
2018-08-04T18:00:00,98,250,18,115.5555556,-15,-2.5,-3.25,116,115.875
2018-08-04T18:30:00,108,250,18,117.7777778,10,-5.25,-1.25,110.75,114.625
2018-08-04T19:00:00,113,250,19,117.7777778,5,-2.75,-1.375,108,113.25
2018-08-04T19:30:00,129,240,19,117.7777778,16,4,2,112,115.25
2018-08-04T20:00:00,124,240,20,114.8888889,-5,6.5,2,118.5,117.25
2018-08-04T20:30:00,124,240,20,114.8888889,0,4,-0.625,122.5,116.625
2018-08-04T21:00:00,118,240,21,112.5555556,-6,1.25,-0.75,123.75,115.875
2018-08-04T21:30:00,113,240,21,112,-5,-4,0,119.75,115.875
2018-08-04T21:37:00,113,240,21,109.7777778,0,-2.75,1.875,117,117.75
2018-08-04T22:00:00,118,240,22,109.2222222,5,-1.5,1.25,115.5,119
2018-08-04T22:30:00,108,240,22,107,-10,-2.5,-0.625,113,118.375
2018-08-04T23:00:00,113,230,23,103.5555556,5,0,-2,113,116.375
2018-08-04T23:30:00,103,230,23,100.1111111,-10,-2.5,-2.625,110.5,113.75
2018-08-05T00:00:00,124,230,0,97.22222222,21,1.5,0,112,113.75
2018-08-05T00:30:00,103,230,0,93.77777778,-21,-1.25,-1.875,110.75,111.875
2018-08-05T01:00:00,113,230,1,92.11111111,10,0,0,110.75,111.875
2018-08-05T01:30:00,93,230,1,92.11111111,-20,-2.5,-2.5,108.25,109.375
2018-08-05T02:00:00,108,230,2,94.33333333,15,-4,-1.25,104.25,108.125
2018-08-05T02:30:00,98,230,2,94.33333333,-10,-1.25,-1.25,103,106.875
2018-08-05T03:00:00,77,230,3,95.44444444,-21,-9,-4.5,94,102.375
2018-08-05T03:30:00,82,230,3,97.77777778,5,-2.75,-2.625,91.25,99.75
2018-08-05T04:00:00,77,230,4,99.55555556,-5,-7.75,-5.875,83.5,93.875
2018-08-05T04:30:00,93,230,4,103.5555556,16,-1.25,-1.25,82.25,92.625
2018-08-05T05:00:00,88,230,5,104.6666667,-5,2.75,-3.125,85,89.5
2018-08-05T05:30:00,113,230,5,106.3333333,25,7.75,2.5,92.75,92
2018-08-05T06:00:00,113,230,6,104.1111111,0,9,0.625,101.75,92.625
2018-08-05T06:30:00,108,230,6,102.4444444,-5,3.75,1.25,105.5,93.875
2018-08-05T07:00:00,108,230,7,104.2222222,0,5,3.875,110.5,97.75
2018-08-05T07:30:00,98,230,7,106.5555556,-10,-3.75,2,106.75,99.75
2018-08-05T08:00:00,98,240,8,110,0,-3.75,2.625,103,102.375
2018-08-05T08:30:00,113,240,8,110.5555556,15,1.25,2.5,104.25,104.875
2018-08-05T09:00:00,103,250,9,111.7777778,-10,-1.25,1.875,103,106.75
2018-08-05T09:30:00,103,260,9,114.6666667,0,1.25,-1.25,104.25,105.5
2018-08-05T10:00:00,93,270,10,119.2222222,-10,-1.25,-2.5,103,103
2018-08-05T10:30:00,98,270,10,126,5,-3.75,-1.25,99.25,101.75
2018-08-05T11:00:00,124,270,11,129.4444444,26,5.25,2,104.5,103.75
2018-08-05T11:30:00,129,280,11,130,5,6.5,3.875,111,107.625
2018-08-05T12:00:00,129,290,12,130.5555556,0,9,3.875,120,111.5
2018-08-05T12:30:00,103,320,12,131.6666667,-26,1.25,-1.25,121.25,110.25
2018-08-05T13:00:00,124,290,13,135.1111111,21,0,2.625,121.25,112.875
2018-08-05T13:30:00,129,290,13,136.7777778,5,0,3.25,121.25,116.125
2018-08-05T14:00:00,144,280,14,136.2222222,15,3.75,6.375,125,122.5
2018-08-05T14:30:00,154,280,14,134.5555556,10,12.75,7,137.75,129.5
2018-08-05T15:00:00,129,290,15,130,-25,1.25,0.625,139,130.125
2018-08-05T15:30:00,129,280,15,127.1111111,0,0,0,139,130.125
2018-08-05T16:00:00,134,280,16,124.2222222,5,-2.5,0.625,136.5,130.75
2018-08-05T16:30:00,139,270,16,122.4444444,5,-3.75,4.5,132.75,135.25
2018-08-05T17:00:00,134,270,17,120.1111111,-5,1.25,1.25,134,136.5
2018-08-05T17:30:00,139,270,17,115.5555556,5,2.5,1.25,136.5,137.75
2018-08-05T18:00:00,124,270,18,111,-15,-2.5,-2.5,134,135.25
2018-08-05T18:30:00,129,260,18,106.3333333,5,-2.5,-3.125,131.5,132.125
2018-08-05T19:00:00,113,260,19,98.88888889,-16,-5.25,-2,126.25,130.125
2018-08-05T19:30:00,103,250,19,94.88888889,-10,-9,-3.25,117.25,126.875
2018-08-05T20:00:00,103,250,20,92,0,-5.25,-3.875,112,123
2018-08-05T20:30:00,118,240,20,89.66666667,15,-2.75,-2.625,109.25,120.375
2018-08-05T21:00:00,118,240,21,85.11111111,0,1.25,-2,110.5,118.375
2018-08-05T21:30:00,93,250,21,80.55555556,-25,-2.5,-5.75,108,112.625
2018-08-05T22:00:00,98,250,22,76.55555556,5,-1.25,-3.25,106.75,109.375
2018-08-05T22:30:00,82,260,22,71.33333333,-16,-9,-5.875,97.75,103.5
2018-08-05T23:00:00,62,260,23,69.66666667,-20,-14,-6.375,83.75,97.125
2018-08-05T23:30:00,77,250,23,70.22222222,15,-4,-3.25,79.75,93.875
2018-08-06T00:00:00,77,250,0,69.11111111,0,-5.25,-3.25,74.5,90.625
2018-08-06T00:30:00,82,250,0,68,5,0,-4.5,74.5,86.125
2018-08-06T01:00:00,77,240,1,61.77777778,-5,3.75,-5.125,78.25,81
2018-08-06T01:30:00,77,240,1,53.77777778,0,0,-2,78.25,79
2018-08-06T02:00:00,57,240,2,48.66666667,-20,-5,-5.125,73.25,73.875
2018-08-06T02:30:00,51,240,2,49.22222222,-6,-7.75,-3.875,65.5,70
2018-08-06T03:00:00,67,240,3,50.44444444,16,-2.5,0.625,63,70.625
2018-08-06T03:30:00,67,240,3,51.55555556,0,-2.5,-1.25,60.5,69.375
2018-08-06T04:00:00,67,240,4,53.22222222,0,2.5,-1.25,63,68.125
2018-08-06T04:30:00,67,240,4,56.11111111,0,4,-1.875,67,66.25
2018-08-06T05:00:00,26,240,5,58.44444444,-41,-10.25,-6.375,56.75,59.875
2018-08-06T05:30:00,5,230,5,66.44444444,-21,-15.5,-9,41.25,50.875
2018-08-06T06:00:00,31,240,6,78.44444444,26,-9,-3.25,32.25,47.625
2018-08-06T06:30:00,62,240,6,88.11111111,31,-1.25,1.375,31,49
2018-08-06T07:00:00,62,230,7,94.33333333,0,9,-0.625,40,48.375
2018-08-06T07:30:00,77,240,7,100,15,18,1.25,58,49.625
2018-08-06T08:00:00,82,240,8,104,5,12.75,1.875,70.75,51.5
2018-08-06T08:30:00,93,250,8,108,11,7.75,3.25,78.5,54.75
2018-08-06T09:00:00,88,260,9,111.4444444,-5,6.5,7.75,85,62.5
2018-08-06T09:30:00,98,260,9,115.4444444,10,5.25,11.625,90.25,74.125
2018-08-06T10:00:00,113,270,10,119.4444444,15,7.75,10.25,98,84.375
2018-08-06T10:30:00,118,280,10,121.7777778,5,6.25,7,104.25,91.375
2018-08-06T11:00:00,118,280,11,123.5555556,0,7.5,7,111.75,98.375
2018-08-06T11:30:00,113,290,11,125.3333333,-5,3.75,4.5,115.5,102.875
2018-08-06T12:00:00,113,300,12,128.7777778,0,0,3.875,115.5,106.75
2018-08-06T12:30:00,118,310,12,133.3333333,5,0,3.125,115.5,109.875
2018-08-06T13:00:00,124,300,13,137.3333333,6,1.5,4.5,117,114.375
2018-08-06T13:30:00,124,300,13,138.4444444,0,2.75,3.25,119.75,117.625
2018-08-06T14:00:00,134,290,14,139.5555556,10,5.25,2.625,125,120.25
2018-08-06T14:30:00,134,300,14,139,0,4,2,129,122.25
2018-08-06T15:00:00,134,290,15,137.8888889,0,2.5,2,131.5,124.25
2018-08-06T15:30:00,134,300,15,136.7777778,0,2.5,2.625,134,126.875
2018-08-06T16:00:00,144,290,16,136.2222222,10,2.5,3.875,136.5,130.75
2018-08-06T16:30:00,154,280,16,134,10,5,4.5,141.5,135.25
2018-08-06T17:00:00,154,280,17,129.4444444,0,5,3.75,146.5,139
2018-08-06T17:30:00,134,280,17,125.4444444,-20,0,1.25,146.5,140.25
2018-08-06T18:00:00,134,270,18,123.6666667,0,-2.5,0,144,140.25
2018-08-06T18:30:00,129,270,18,120.7777778,-5,-6.25,-0.625,137.75,139.625
2018-08-06T19:00:00,124,270,19,119,-5,-7.5,-1.25,130.25,138.375
2018-08-06T19:30:00,124,260,19,117.7777778,0,-2.5,-1.25,127.75,137.125
2018-08-06T20:00:00,129,250,20,117.1111111,5,-1.25,-1.875,126.5,135.25
2018-08-06T20:30:00,124,250,20,115.8888889,-5,-1.25,-3.75,125.25,131.5
2018-08-06T21:00:00,113,250,21,114.6666667,-11,-2.75,-5.125,122.5,126.375
2018-08-06T21:30:00,118,240,21,114.1111111,5,-1.5,-2,121,124.375
2018-08-06T22:00:00,118,240,22,113.5555556,0,-2.75,-2,118.25,122.375
2018-08-06T22:30:00,108,240,22,114.2222222,-10,-4,-2.625,114.25,119.75
2018-08-06T23:00:00,113,240,23,116.5555556,5,0,-1.375,114.25,118.375
2018-08-06T23:30:00,113,240,23,119.4444444,0,-1.25,-1.375,113,117
2018-08-07T00:00:00,118,240,0,122.8888889,5,0,-1.375,113,115.625
2018-08-07T00:30:00,118,240,0,125.2222222,0,2.5,-0.75,115.5,114.875
2018-08-07T01:00:00,113,240,1,125.8888889,-5,0,0,115.5,114.875
2018-08-07T01:30:00,108,230,1,128.2222222,-5,-1.25,-1.25,114.25,113.625
2018-08-07T02:00:00,113,230,2,130,5,-1.25,-0.625,113,113
2018-08-07T02:30:00,124,230,2,132.8888889,11,1.5,2,114.5,115
2018-08-07T03:00:00,129,230,3,133.4444444,5,4,2,118.5,117
2018-08-07T03:30:00,139,230,3,134,10,7.75,3.25,126.25,120.25
2018-08-07T04:00:00,144,230,4,132.8888889,5,7.75,3.25,134,123.5
2018-08-07T04:30:00,139,230,4,130.6666667,-5,3.75,2.625,137.75,126.125
2018-08-07T05:00:00,124,230,5,129.5555556,-15,-1.25,1.375,136.5,127.5
2018-08-07T05:30:00,134,230,5,130.6666667,10,-1.25,3.25,135.25,130.75
2018-08-07T06:00:00,124,230,6,131.7777778,-10,-5,1.375,130.25,132.125
2018-08-07T06:30:00,139,230,6,134,15,0,1.875,130.25,134
2018-08-07T07:00:00,129,230,7,134.5555556,-10,1.25,0,131.5,134
2018-08-07T07:30:00,134,230,7,136.2222222,5,0,-0.625,131.5,133.375
2018-08-07T08:00:00,129,240,8,137.3333333,-5,1.25,-1.875,132.75,131.5
2018-08-07T08:30:00,124,250,8,139,-5,-3.75,-1.875,129,129.625
2018-08-07T09:00:00,129,250,9,141.7777778,5,0,0.625,129,130.25
2018-08-07T09:30:00,134,260,9,145.2222222,5,0,0,129,130.25
2018-08-07T10:00:00,144,260,10,146.3333333,10,3.75,2.5,132.75,132.75
2018-08-07T10:30:00,144,260,10,145.7777778,0,5,0.625,137.75,133.375
2018-08-07T11:00:00,144,270,11,146.3333333,0,3.75,1.875,141.5,135.25
2018-08-07T11:30:00,144,270,11,146.8888889,0,2.5,1.25,144,136.5
2018-08-07T12:00:00,144,270,12,148,0,0,1.875,144,138.375
2018-08-07T12:30:00,144,270,12,148.5555556,0,0,2.5,144,140.875
2018-08-07T13:00:00,149,270,13,149.6666667,5,1.25,2.5,145.25,143.375
2018-08-07T13:30:00,160,270,13,149.1111111,11,4,3.25,149.25,146.625
2018-08-07T14:00:00,144,270,14,146.2222222,-16,0,0,149.25,146.625
2018-08-07T14:30:00,139,280,14,145.1111111,-5,-1.25,-0.625,148,146
2018-08-07T15:00:00,149,270,15,143.4444444,10,0,0.625,148,146.625
2018-08-07T15:30:00,149,280,15,140.6666667,0,-2.75,0.625,145.25,147.25
2018-08-07T16:00:00,154,270,16,139.5555556,5,2.5,1.25,147.75,148.5
2018-08-07T16:30:00,149,270,16,137.3333333,-5,2.5,0.625,150.25,149.125
2018-08-07T17:00:00,154,260,17,136.2222222,5,1.25,0.625,151.5,149.75
2018-08-07T17:30:00,144,260,17,134.5555556,-10,-1.25,-2,150.25,147.75
2018-08-07T18:00:00,134,250,18,132.3333333,-10,-5,-1.25,145.25,146.5
2018-08-07T18:30:00,134,250,18,132.3333333,0,-3.75,-0.625,141.5,145.875
2018-08-07T19:00:00,124,240,19,132.8888889,-10,-7.5,-3.125,134,142.75
2018-08-07T19:30:00,124,240,19,133.4444444,0,-5,-3.125,129,139.625
2018-08-07T20:00:00,139,240,20,135.1111111,15,1.25,-1.875,130.25,137.75
2018-08-07T20:30:00,134,230,20,135.1111111,-5,0,-1.875,130.25,135.875
2018-08-07T21:00:00,139,230,21,136.2222222,5,3.75,-1.875,134,134
2018-08-07T21:30:00,139,230,21,135.6666667,0,3.75,-0.625,137.75,133.375
2018-08-07T22:00:00,124,230,22,136.2222222,-15,-3.75,-1.25,134,132.125
2018-08-07T22:30:00,134,230,22,137.8888889,10,0,0,134,132.125
2018-08-07T23:00:00,139,230,23,138.4444444,5,0,1.875,134,134
2018-08-07T23:30:00,129,230,23,136.7777778,-10,-2.5,0.625,131.5,134.625
2018-08-08T00:00:00,139,220,0,136.2222222,10,3.75,0,135.25,134.625
2018-08-08T00:30:00,139,220,0,133.3333333,0,1.25,0.625,136.5,135.25
2018-08-08T01:00:00,144,220,1,132.7777778,5,1.25,0.625,137.75,135.875
2018-08-08T01:30:00,134,220,1,131.1111111,-10,1.25,-0.625,139,135.25
2018-08-08T02:00:00,144,220,2,130,10,1.25,2.5,140.25,137.75
2018-08-08T02:30:00,139,220,2,127.1111111,-5,0,0.625,140.25,138.375
2018-08-08T03:00:00,139,220,3,124.7777778,0,-1.25,0,139,138.375
2018-08-08T03:30:00,124,220,3,120.2222222,-15,-2.5,-0.625,136.5,137.75
2018-08-08T04:00:00,124,220,4,117.8888889,0,-5,-1.875,131.5,135.875
2018-08-08T04:30:00,113,220,4,116.1111111,-11,-6.5,-3.25,125,132.625
2018-08-08T05:00:00,134,220,5,116.1111111,21,-1.25,-1.25,123.75,131.375
2018-08-08T05:30:00,129,220,5,113.7777778,-5,1.25,-0.625,125,130.75
2018-08-08T06:00:00,124,220,6,112,-5,0,-2.5,125,128.25
2018-08-08T06:30:00,118,220,6,112,-6,1.25,-2.625,126.25,125.625
2018-08-08T07:00:00,118,220,7,114.3333333,0,-4,-2.625,122.25,123
2018-08-08T07:30:00,98,230,7,117.2222222,-20,-7.75,-3.25,114.5,119.75
2018-08-08T08:00:00,103,230,8,122.3333333,5,-5.25,-2.625,109.25,117.125
2018-08-08T08:30:00,108,240,8,126.8888889,5,-2.5,-0.625,106.75,116.5
2018-08-08T09:00:00,113,240,9,130.8888889,5,-1.25,-2.625,105.5,113.875
2018-08-08T09:30:00,113,240,9,133.7777778,0,3.75,-2,109.25,111.875
2018-08-08T10:00:00,113,240,10,137.2222222,0,2.5,-1.375,111.75,110.5
2018-08-08T10:30:00,124,250,10,140.1111111,11,4,0.75,115.75,111.25
2018-08-08T11:00:00,139,250,11,142.3333333,15,6.5,2.625,122.25,113.875
2018-08-08T11:30:00,144,260,11,143.4444444,5,7.75,5.75,130,119.625
2018-08-08T12:00:00,144,260,12,143.4444444,0,7.75,5.125,137.75,124.75
2018-08-08T12:30:00,144,260,12,143.4444444,0,5,4.5,142.75,129.25
2018-08-08T13:00:00,144,260,13,141.2222222,0,1.25,3.875,144,133.125
2018-08-08T13:30:00,139,260,13,139,-5,-1.25,3.25,142.75,136.375
2018-08-08T14:00:00,144,260,14,137.3333333,5,0,3.875,142.75,140.25
2018-08-08T14:30:00,139,260,14,135.1111111,-5,-1.25,1.875,141.5,142.125
2018-08-08T15:00:00,144,270,15,134.625,5,0,0.625,141.5,142.75
2018-08-08T15:30:00,149,260,15,132.125,5,2.5,0.625,144,143.375
2018-08-08T16:00:00,144,260,16,127.625,-5,0,0,144,143.375
2018-08-08T16:30:00,144,250,16,124.375,0,1.25,0,145.25,143.375
2018-08-08T17:00:00,124,260,17,121.125,-20,-5,-2.5,140.25,140.875
2018-08-08T17:30:00,124,250,17,119.125,0,-6.25,-1.875,134,139
2018-08-08T18:00:00,124,250,18,116.5,0,-5,-2.5,129,136.5
2018-08-08T18:30:00,124,240,18,113.875,0,-5,-1.875,124,134.625
2018-08-08T21:30:00,124,230,21,111.4444444,0,0,-2.5,124,132.125
2018-08-08T22:00:00,113,230,22,110.7777778,-11,-2.75,-4.5,121.25,127.625
2018-08-08T22:30:00,118,230,22,109.6666667,5,-1.5,-3.25,119.75,124.375
2018-08-08T23:00:00,118,230,23,105.6666667,0,-1.5,-3.25,118.25,121.125
2018-08-08T23:30:00,108,230,23,103.4444444,-10,-4,-2,114.25,119.125
2018-08-09T00:00:00,103,230,0,102.3333333,-5,-2.5,-2.625,111.75,116.5
2018-08-09T00:30:00,103,230,0,100.6666667,0,-3.75,-2.625,108,113.875
2018-08-09T01:00:00,108,230,1,99,5,-2.5,-2,105.5,111.875
2018-08-09T01:30:00,108,230,1,97.33333333,0,0,-2,105.5,109.875
2018-08-09T02:00:00,118,230,2,96.77777778,10,3.75,0.625,109.25,110.5
2018-08-09T02:30:00,103,220,2,94.55555556,-15,0,-1.875,109.25,108.625
2018-08-09T03:00:00,82,220,3,96.22222222,-21,-6.5,-4.5,102.75,104.125
2018-08-09T03:30:00,98,220,3,98.55555556,16,-2.5,-1.25,100.25,102.875
2018-08-09T04:00:00,98,220,4,99.11111111,0,-5,-0.625,95.25,102.25
2018-08-09T04:30:00,88,220,4,103.1111111,-10,-3.75,-1.875,91.5,100.375
2018-08-09T05:00:00,88,220,5,106.4444444,0,1.5,-2.5,93,97.875
2018-08-09T05:30:00,93,220,5,110.4444444,5,-1.25,-1.875,91.75,96
2018-08-09T06:00:00,103,220,6,115.5555556,10,1.25,-1.875,93,94.125
2018-08-09T06:30:00,98,230,6,119,-5,2.5,-0.625,95.5,93.5
2018-08-09T07:00:00,118,220,7,123.5555556,20,7.5,4.5,103,98
2018-08-09T07:30:00,103,230,7,124.7777778,-15,2.5,0.625,105.5,98.625
2018-08-09T08:00:00,103,230,8,128.2222222,0,0,0.625,105.5,99.25
2018-08-09T08:30:00,134,240,8,131.1111111,31,9,5.75,114.5,105
2018-08-09T09:00:00,118,240,9,128.7777778,-16,0,3.75,114.5,108.75
2018-08-09T09:30:00,124,240,9,130.5555556,6,5.25,3.875,119.75,112.625
2018-08-09T10:00:00,139,250,10,132.2222222,15,9,4.5,128.75,117.125
2018-08-09T10:30:00,134,250,10,131.6666667,-5,0,4.5,128.75,121.625
2018-08-09T11:00:00,139,260,11,132.7777778,5,5.25,2.625,134,124.25
2018-08-09T11:30:00,129,250,11,132.2222222,-10,1.25,3.25,135.25,127.5
2018-08-09T12:00:00,134,260,12,133.8888889,5,-1.25,3.875,134,131.375
2018-08-09T12:30:00,129,260,12,135,-5,-1.25,-0.625,132.75,130.75
2018-08-09T13:00:00,113,270,13,134.4444444,-16,-6.5,-0.625,126.25,130.125
2018-08-09T13:30:00,134,270,13,133.8888889,21,1.25,1.25,127.5,131.375
2018-08-09T14:00:00,139,270,14,131,5,1.25,0,128.75,131.375
2018-08-09T14:30:00,134,260,14,127.5555556,-5,1.25,0,130,131.375
2018-08-09T15:00:00,144,260,15,125.2222222,10,7.75,0.625,137.75,132
2018-08-09T15:30:00,134,260,15,120.6666667,-10,0,0.625,137.75,132.625
2018-08-09T16:00:00,144,260,16,116.1111111,10,1.25,1.25,139,133.875
2018-08-09T16:30:00,144,260,16,113.2222222,0,2.5,1.875,141.5,135.75
2018-08-09T17:00:00,124,260,17,108.6666667,-20,-5,1.375,136.5,137.125
2018-08-09T17:30:00,108,260,17,105.2222222,-16,-6.5,-3.25,130,133.875
2018-08-09T18:00:00,108,250,18,104.6666667,0,-9,-3.875,121,130
2018-08-09T18:30:00,108,250,18,103.5555556,0,-9,-3.25,112,126.75
2018-08-09T19:00:00,113,240,19,103,5,-2.75,-3.875,109.25,122.875
2018-08-09T19:30:00,103,240,19,102.4444444,-10,-1.25,-3.875,108,119
2018-08-09T20:00:00,93,240,20,101.8888889,-10,-3.75,-6.375,104.25,112.625
2018-08-09T20:30:00,118,230,20,101.8888889,25,2.5,-3.25,106.75,109.375
2018-08-09T21:00:00,103,230,21,98.55555556,-15,-2.5,-2.625,104.25,106.75
2018-08-09T21:30:00,93,240,21,98,-10,-2.5,-1.875,101.75,104.875
2018-08-09T22:00:00,103,230,22,97.44444444,10,2.5,-0.625,104.25,104.25
2018-08-09T22:30:00,98,230,22,95.77777778,-5,-5,-1.25,99.25,103
2018-08-09T23:00:00,103,230,23,95.22222222,5,0,-1.25,99.25,101.75
2018-08-09T23:30:00,108,220,23,94.66666667,5,3.75,0.625,103,102.375
2018-08-10T00:00:00,98,230,0,92.44444444,-10,-1.25,0.625,101.75,103
2018-08-10T00:30:00,93,220,0,91.33333333,-5,-1.25,-3.125,100.5,99.875
2018-08-10T01:00:00,88,220,1,90.77777778,-5,-3.75,-1.875,96.75,98
2018-08-10T01:30:00,98,230,1,93,10,-2.5,0.625,94.25,98.625
2018-08-10T02:00:00,88,230,2,93,-10,-2.5,-1.875,91.75,96.75
2018-08-10T02:30:00,88,230,2,93,0,-1.25,-1.25,90.5,95.5
2018-08-10T03:00:00,93,220,3,93,5,1.25,-1.25,91.75,94.25
2018-08-10T03:30:00,98,220,3,91.77777778,5,0,-1.25,91.75,93
2018-08-10T04:00:00,88,220,4,92.33333333,-10,0,-1.25,91.75,91.75
2018-08-10T04:30:00,88,220,4,92.33333333,0,0,-0.625,91.75,91.125
2018-08-10T04:51:00,88,220,4,92.33333333,0,-1.25,0,90.5,91.125
2018-08-10T05:00:00,108,210,5,94.55555556,20,2.5,1.25,93,92.375
2018-08-10T05:30:00,98,210,5,96.88888889,-10,2.5,1.25,95.5,93.625
2018-08-10T06:00:00,88,210,6,100.8888889,-10,0,0,95.5,93.625
2018-08-10T06:30:00,88,220,6,105.4444444,0,0,-0.625,95.5,93
2018-08-10T07:00:00,82,220,7,110,-6,-6.5,-2,89,91
2018-08-10T07:30:00,103,200,7,116.3333333,21,1.25,1.875,90.25,92.875
2018-08-10T08:00:00,88,210,8,120.3333333,-15,0,0,90.25,92.875
2018-08-10T08:30:00,88,220,8,126,0,0,0,90.25,92.875
2018-08-10T09:00:00,108,230,9,132.7777778,20,6.5,0,96.75,92.875
2018-08-10T09:30:00,129,230,9,136.2222222,21,6.5,3.875,103.25,96.75
2018-08-10T10:00:00,134,240,10,137.3333333,5,11.5,5.75,114.75,102.5
2018-08-10T10:30:00,129,240,10,139,-5,10.25,5.125,125,107.625
2018-08-10T11:00:00,129,250,11,140.6666667,0,5.25,5.875,130.25,113.5
2018-08-10T11:30:00,139,240,11,142.3333333,10,2.5,4.5,132.75,118
2018-08-10T12:00:00,139,250,12,142.3333333,0,1.25,6.375,134,124.375
2018-08-10T12:30:00,139,250,12,142.3333333,0,2.5,6.375,136.5,130.75
2018-08-10T13:00:00,149,250,13,141.7777778,10,5,5.125,141.5,135.875
2018-08-10T13:30:00,139,260,13,137.7777778,-10,0,1.25,141.5,137.125
2018-08-10T14:00:00,139,250,14,136.1111111,0,0,0.625,141.5,137.75
2018-08-10T14:30:00,149,260,14,133.2222222,10,2.5,2.5,144,140.25
2018-08-10T15:00:00,144,260,15,129.7777778,-5,-1.25,1.875,142.75,142.125
2018-08-10T15:30:00,144,260,15,125.7777778,0,1.25,0.625,144,142.75
2018-08-10T16:00:00,139,250,16,122.8888889,-5,0,0,144,142.75
2018-08-10T16:30:00,139,250,16,118.8888889,0,-2.5,0,141.5,142.75
2018-08-10T17:00:00,134,250,17,116,-5,-2.5,-1.875,139,140.875
2018-08-10T17:30:00,113,250,17,114.2222222,-21,-7.75,-3.25,131.25,137.625
2018-08-10T18:00:00,124,250,18,114.7777778,11,-3.75,-1.875,127.5,135.75
2018-08-10T18:30:00,113,240,18,112.4444444,-11,-6.5,-4.5,121,131.25
2018-08-10T19:00:00,118,240,19,111.8888889,5,-4,-3.25,117,128
2018-08-10T19:30:00,108,230,19,111.3333333,-10,-1.25,-4.5,115.75,123.5
2018-08-10T20:00:00,118,220,20,112.4444444,10,-1.5,-2.625,114.25,120.875
2018-08-10T20:30:00,103,220,20,111.8888889,-15,-2.5,-4.5,111.75,116.375
2018-08-10T21:00:00,113,220,21,113.5555556,10,-1.25,-2.625,110.5,113.75
2018-08-10T21:30:00,118,220,21,111.8888889,5,2.5,0.625,113,114.375
2018-08-10T22:00:00,118,220,22,108.5555556,0,0,-0.75,113,113.625
2018-08-10T22:30:00,103,220,22,105.2222222,-15,0,-1.25,113,112.375
2018-08-10T23:00:00,108,220,23,103.5555556,5,-1.25,-1.25,111.75,111.125
2018-08-10T23:30:00,113,220,23,101.3333333,5,-1.25,0.625,110.5,111.75
2018-08-11T00:00:00,118,220,0,98.55555556,5,0,0,110.5,111.75
2018-08-11T00:30:00,113,220,0,96.33333333,-5,2.5,1.25,113,113
2018-08-11T01:00:00,118,220,1,95.77777778,5,2.5,0.625,115.5,113.625
2018-08-11T01:30:00,98,220,1,93.55555556,-20,-3.75,-2.5,111.75,111.125
2018-08-11T02:00:00,88,220,2,93,-10,-7.5,-3.75,104.25,107.375
2018-08-11T02:30:00,88,220,2,93,0,-6.25,-1.875,98,105.5
2018-08-11T03:00:00,88,210,3,94.66666667,0,-7.5,-2.5,90.5,103
2018-08-11T03:30:00,88,210,3,97.44444444,0,-2.5,-3.125,88,99.875
2018-08-11T04:00:00,88,210,4,101.4444444,0,0,-3.75,88,96.125
2018-08-11T04:30:00,98,210,4,106.5555556,10,2.5,-1.875,90.5,94.25
2018-08-11T05:00:00,108,210,5,110.5555556,10,5,-1.25,95.5,93
2018-08-11T05:30:00,98,210,5,115.1111111,-10,2.5,0,98,93
2018-08-11T06:00:00,93,210,6,120.7777778,-5,1.25,0.625,99.25,93.625
2018-08-11T06:30:00,88,210,6,127,-5,-2.5,0,96.75,93.625
2018-08-11T07:00:00,103,210,7,133.2222222,15,-1.25,1.875,95.5,95.5
2018-08-11T07:30:00,113,220,7,137.2222222,10,3.75,3.125,99.25,98.625
2018-08-11T08:00:00,124,220,8,140.1111111,11,7.75,4.5,107,103.125
2018-08-11T08:30:00,134,230,8,141.2222222,10,11.5,4.5,118.5,107.625
2018-08-11T09:00:00,134,240,9,141.7777778,0,7.75,3.25,126.25,110.875
2018-08-11T09:30:00,149,240,9,142.8888889,15,9,6.375,135.25,117.25
2018-08-11T10:00:00,149,250,10,141.2222222,0,6.25,7,141.5,124.25
2018-08-11T10:30:00,149,250,10,140.1111111,0,3.75,7.625,145.25,131.875
2018-08-11T11:00:00,144,260,11,139,-5,2.5,5.125,147.75,137
2018-08-11T11:30:00,139,260,11,138.4444444,-5,-2.5,3.25,145.25,140.25
2018-08-11T12:00:00,139,260,12,138.4444444,0,-2.5,1.875,142.75,142.125
2018-08-11T12:30:00,134,270,12,140.1111111,-5,-3.75,0,139,142.125
2018-08-11T13:00:00,139,260,13,140.1111111,5,-1.25,0.625,137.75,142.75
2018-08-11T13:30:00,144,270,13,140.1111111,5,1.25,-0.625,139,142.125
2018-08-11T14:00:00,134,270,14,139,-10,-1.25,-1.875,137.75,140.25
2018-08-11T14:30:00,139,270,14,138.4444444,5,1.25,-1.25,139,139
2018-08-11T15:00:00,139,270,15,136.7777778,0,0,-0.625,139,138.375
2018-08-11T15:30:00,139,270,15,135.1111111,0,-1.25,0,137.75,138.375
2018-08-11T16:00:00,139,260,16,134,0,1.25,0,139,138.375
2018-08-11T16:30:00,154,260,16,131.1111111,15,3.75,2.5,142.75,140.875
2018-08-11T17:00:00,134,260,17,127.1111111,-20,-1.25,-0.625,141.5,140.25
2018-08-11T17:30:00,139,250,17,123.6666667,5,0,-0.625,141.5,139.625
2018-08-11T18:00:00,134,250,18,122,-5,-1.25,0,140.25,139.625
2018-08-11T18:30:00,129,240,18,119.1111111,-5,-6.25,-1.25,134,138.375
2018-08-11T19:00:00,124,240,19,116.7777778,-5,-2.5,-1.875,131.5,136.5
2018-08-11T19:30:00,124,230,19,115,0,-3.75,-1.875,127.75,134.625
2018-08-11T20:00:00,129,230,20,112.6666667,5,-1.25,-1.25,126.5,133.375
2018-08-11T20:30:00,113,230,20,109.7777778,-16,-4,-5.125,122.5,128.25
2018-08-11T21:00:00,118,230,21,111.5555556,5,-1.5,-2,121,126.25
2018-08-11T21:30:00,103,230,21,111.5555556,-15,-5.25,-4.5,115.75,121.75
2018-08-11T22:00:00,124,230,22,114.4444444,21,-1.25,-1.25,114.5,120.5
2018-08-11T22:30:00,108,230,22,113.7777778,-16,-1.25,-2.625,113.25,117.875
2018-08-11T23:00:00,108,230,23,116.6666667,0,-2.5,-2,110.75,115.875
2018-08-11T23:30:00,108,230,23,119.5555556,0,1.25,-2,112,113.875
2018-08-12T00:00:00,103,230,0,121.3333333,-5,-5.25,-3.25,106.75,110.625
2018-08-12T00:30:00,103,230,0,125.3333333,0,-1.25,-1.25,105.5,109.375
2018-08-12T01:00:00,129,220,1,127.6666667,26,5.25,1.375,110.75,110.75
2018-08-12T01:30:00,118,220,1,127.1111111,-11,2.5,1.875,113.25,112.625
2018-08-12T02:00:00,129,220,2,126,11,6.5,0.625,119.75,113.25
2018-08-12T02:30:00,118,220,2,123.6666667,-11,3.75,1.25,123.5,114.5
2018-08-12T03:00:00,134,220,3,123.1111111,16,1.25,3.25,124.75,117.75
2018-08-12T03:30:00,134,220,3,120.7777778,0,4,3.25,128.75,121
2018-08-12T04:00:00,124,220,4,119.6666667,-10,-1.25,2.625,127.5,123.625
2018-08-12T04:30:00,139,220,4,118.4444444,15,5.25,4.5,132.75,128.125
2018-08-12T05:00:00,124,220,5,116.1111111,-15,-2.5,-0.625,130.25,127.5
2018-08-12T05:30:00,124,220,5,116.1111111,0,-2.5,0.75,127.75,128.25
2018-08-12T06:00:00,108,220,6,115.4444444,-16,-4,-2.625,123.75,125.625
2018-08-12T06:30:00,108,220,6,117.7777778,0,-7.75,-1.25,116,124.375
2018-08-12T07:00:00,113,230,7,119.5555556,5,-2.75,-2.625,113.25,121.75
2018-08-12T07:30:00,113,230,7,121.8888889,0,-2.75,-2.625,110.5,119.125
2018-08-12T08:00:00,124,230,8,123.1111111,11,4,0,114.5,119.125
2018-08-12T08:30:00,113,230,8,123.6666667,-11,1.25,-3.25,115.75,115.875
2018-08-12T09:00:00,118,240,9,122,5,1.25,-0.75,117,115.125
2018-08-12T09:30:00,124,250,9,123.2222222,6,2.75,0,119.75,115.125
2018-08-12T10:00:00,118,250,10,124.3333333,-6,-1.5,1.25,118.25,116.375
2018-08-12T10:30:00,129,250,10,123.7777778,11,4,2.625,122.25,119
2018-08-12T11:00:00,124,260,11,123.2222222,-5,1.5,1.375,123.75,120.375
2018-08-12T11:30:00,134,260,11,122.5555556,10,2.5,2.625,126.25,123
2018-08-12T12:00:00,124,250,12,121.4444444,-10,1.5,0,127.75,123
2018-08-12T12:30:00,129,260,12,122.5555556,5,0,2,127.75,125
2018-08-12T13:00:00,98,260,13,122,-31,-6.5,-2.5,121.25,122.5
2018-08-12T13:30:00,129,250,13,124.2222222,31,-1.25,0.625,120,123.125
2018-08-12T14:00:00,134,250,14,121.8888889,5,2.5,2,122.5,125.125
2018-08-12T14:30:00,113,250,14,120.1111111,-21,-4,-2,118.5,123.125
2018-08-12T15:00:00,124,250,15,121.3333333,11,6.5,0,125,123.125
2018-08-12T15:30:00,118,250,15,119.5555556,-6,-2.75,-2,122.25,121.125
2018-08-12T16:00:00,124,250,16,117.8888889,6,-2.5,0,119.75,121.125
2018-08-12T16:30:00,134,240,16,115.5555556,10,5.25,0.625,125,121.75
2018-08-12T17:00:00,124,240,17,111.5555556,-10,0,3.25,125,125
2018-08-12T17:30:00,118,240,17,107.5555556,-6,0,-1.375,125,123.625
2018-08-12T18:00:00,108,240,18,105.3333333,-10,-4,-3.25,121,120.375
2018-08-12T18:30:00,118,240,18,103.6666667,10,-4,0.625,117,121
2018-08-12T19:00:00,124,240,19,100.3333333,6,0,0,117,121
2018-08-12T19:30:00,108,240,19,95.11111111,-16,-2.5,-1.25,114.5,119.75
2018-08-12T20:00:00,103,240,20,92.88888889,-5,-1.25,-2.625,113.25,117.125
2018-08-12T20:30:00,103,230,20,90.55555556,0,-3.75,-3.875,109.5,113.25
2018-08-12T21:00:00,98,240,21,87.66666667,-5,-6.5,-3.25,103,110
2018-08-12T21:30:00,88,240,21,87.11111111,-10,-5,-3.75,98,106.25
2018-08-12T22:00:00,98,240,22,86.44444444,10,-1.25,-1.25,96.75,105
2018-08-12T22:30:00,93,240,22,85.33333333,-5,-2.5,-3.125,94.25,101.875
2018-08-12T23:00:00,88,240,23,83.55555556,-5,-2.5,-4.5,91.75,97.375
2018-08-12T23:30:00,77,240,23,83.55555556,-11,-2.75,-3.875,89,93.5
2018-08-13T00:00:00,88,230,0,84.11111111,11,-2.5,-1.875,86.5,91.625
2018-08-13T00:30:00,82,230,0,80.66666667,-6,-2.75,-2.625,83.75,89
2018-08-13T01:00:00,77,230,1,77.88888889,-5,-2.75,-2.625,81,86.375
2018-08-13T01:30:00,93,230,1,76.22222222,16,4,0.625,85,87
2018-08-13T02:00:00,82,230,2,72.77777778,-11,-1.5,-2,83.5,85
2018-08-13T02:30:00,88,230,2,70.55555556,6,1.5,-0.625,85,84.375
2018-08-13T03:00:00,77,230,3,68.22222222,-11,0,-1.375,85,83
2018-08-13T03:30:00,88,230,3,67.11111111,11,-1.25,1.375,83.75,84.375
2018-08-13T04:00:00,82,230,4,63.66666667,-6,0,-0.75,83.75,83.625
2018-08-13T04:30:00,57,240,4,62.55555556,-25,-7.75,-3.125,76,80.5
2018-08-13T05:00:00,57,240,5,66.55555556,0,-5,-2.5,71,78
2018-08-13T05:30:00,62,230,5,71.11111111,5,-6.5,-3.875,64.5,74.125
2018-08-13T06:00:00,62,230,6,74,0,-5,-2.5,59.5,71.625
2018-08-13T06:30:00,62,240,6,79.11111111,0,1.25,-3.25,60.75,68.375
2018-08-13T07:00:00,67,240,7,83.11111111,5,2.5,-1.25,63.25,67.125
2018-08-13T07:30:00,67,240,7,85.44444444,0,1.25,-2.625,64.5,64.5
2018-08-13T08:00:00,57,240,8,87.11111111,-10,-1.25,-3.125,63.25,61.375
2018-08-13T08:30:00,72,250,8,89.88888889,15,2.5,1.875,65.75,63.25
2018-08-13T09:00:00,93,260,9,89.88888889,21,6.5,4.5,72.25,67.75
2018-08-13T09:30:00,98,260,9,86.44444444,5,7.75,4.5,80,72.25
2018-08-13T10:00:00,88,270,10,83,-10,7.75,3.25,87.75,75.5
2018-08-13T10:30:00,108,260,10,81.77777778,20,9,5.75,96.75,81.25
2018-08-13T11:00:00,98,260,11,81.22222222,-10,1.25,3.875,98,85.125
2018-08-13T11:30:00,88,260,11,82.88888889,-10,-2.5,2.625,95.5,87.75
2018-08-13T12:00:00,82,280,12,85.66666667,-6,-1.5,3.125,94,90.875
2018-08-13T12:30:00,82,270,12,89.11111111,0,-6.5,1.25,87.5,92.125
2018-08-13T13:00:00,72,260,13,92.55555556,-10,-6.5,-2.625,81,89.5
2018-08-13T13:30:00,62,270,13,96.55555556,-10,-6.5,-4.5,74.5,85
2018-08-13T14:00:00,67,270,14,101.1111111,5,-3.75,-2.625,70.75,82.375
2018-08-13T14:30:00,77,280,14,104.5555556,10,-1.25,-3.875,69.5,78.5
2018-08-13T16:30:00,103,280,16,106.3333333,26,7.75,0.625,77.25,79.125
2018-08-13T17:00:00,113,280,17,105.7777778,10,12.75,3.125,90,82.25
2018-08-13T17:30:00,113,260,17,103,0,11.5,3.875,101.5,86.125
2018-08-13T18:00:00,113,250,18,99.55555556,0,9,3.875,110.5,90
2018-08-13T18:30:00,113,250,18,96.77777778,0,2.5,5.125,113,95.125
2018-08-13T19:00:00,108,250,19,91.66666667,-5,-1.25,5.75,111.75,100.875
2018-08-13T19:30:00,103,250,19,87.11111111,-5,-2.5,4.5,109.25,105.375
2018-08-13T20:00:00,98,250,20,83.66666667,-5,-3.75,2.625,105.5,108
2018-08-13T20:30:00,93,250,20,81.88888889,-5,-5,-1.25,100.5,106.75
2018-08-13T21:00:00,98,250,21,79.55555556,5,-2.5,-1.875,98,104.875
2018-08-13T21:30:00,88,250,21,76.66666667,-10,-3.75,-3.125,94.25,101.75
2018-08-13T22:00:00,82,250,22,74.88888889,-6,-4,-3.875,90.25,97.875
2018-08-13T22:30:00,88,250,22,73.22222222,6,-1.25,-3.125,89,94.75
2018-08-13T23:00:00,67,250,23,71.44444444,-21,-7.75,-5.125,81.25,89.625
2018-08-13T23:30:00,67,260,23,74.33333333,0,-5.25,-4.5,76,85.125
2018-08-14T00:00:00,72,250,0,76.66666667,5,-2.5,-3.25,73.5,81.875
2018-08-14T00:30:00,82,250,0,76.66666667,10,-1.5,-1.375,72,80.5
2018-08-14T01:00:00,72,250,1,74.44444444,-10,1.25,-3.25,73.25,77.25
2018-08-14T01:30:00,72,250,1,74.44444444,0,1.25,-2,74.5,75.25
2018-08-14T02:00:00,72,250,2,74.44444444,0,0,-1.25,74.5,74
2018-08-14T02:30:00,67,250,2,73.88888889,-5,-3.75,-2.625,70.75,71.375
2018-08-14T03:00:00,72,260,3,74.44444444,5,0,0.625,70.75,72
2018-08-14T03:30:00,93,240,3,75.55555556,21,5.25,3.25,76,75.25
2018-08-14T04:00:00,88,240,4,76.11111111,-5,4,2,80,77.25
2018-08-14T04:30:00,72,240,4,76.66666667,-16,1.25,-1.25,81.25,76
2018-08-14T05:00:00,62,250,5,80.11111111,-10,-2.5,-1.25,78.75,74.75
2018-08-14T05:30:00,72,240,5,84.11111111,10,-5.25,0,73.5,74.75
2018-08-14T06:00:00,72,240,6,87,0,-4,0,69.5,74.75
2018-08-14T06:30:00,67,240,6,89.33333333,-5,-1.25,0,68.25,74.75
2018-08-14T07:00:00,72,250,7,93.88888889,5,2.5,0,70.75,74.75
2018-08-14T07:30:00,82,260,7,97.88888889,10,2.5,-1.375,73.25,73.375
2018-08-14T08:00:00,98,260,8,100.7777778,16,6.5,1.25,79.75,74.625
2018-08-14T08:30:00,93,270,8,102.4444444,-5,6.5,2.625,86.25,77.25
2018-08-14T09:00:00,103,270,9,104.1111111,10,7.75,5.125,94,82.375
2018-08-14T09:30:00,98,280,9,105.2222222,-5,4,3.25,98,85.625
2018-08-14T10:00:00,98,280,10,106.8888889,0,0,3.25,98,88.875
2018-08-14T10:30:00,93,280,10,109.1111111,-5,0,3.25,98,92.125
2018-08-14T11:00:00,108,270,11,111.8888889,15,1.25,4.5,99.25,96.625
2018-08-14T11:30:00,108,280,11,113,0,2.5,3.25,101.75,99.875
2018-08-14T12:00:00,108,280,12,113.5555556,0,2.5,1.25,104.25,101.125
2018-08-14T12:30:00,113,280,12,115.3333333,5,5,2.5,109.25,103.625
2018-08-14T13:00:00,108,280,13,115.8888889,-5,0,0.625,109.25,104.25
2018-08-14T13:30:00,113,280,13,118.2222222,5,1.25,1.875,110.5,106.125
2018-08-14T14:00:00,113,280,14,118.7777778,0,1.25,1.875,111.75,108
2018-08-14T14:30:00,118,270,14,119.3333333,5,1.25,3.125,113,111.125
2018-08-14T15:00:00,118,280,15,119.3333333,0,2.5,1.25,115.5,112.375
2018-08-14T15:30:00,118,280,15,118.7777778,0,1.25,1.25,116.75,113.625
2018-08-14T16:00:00,113,280,16,118.2222222,-5,0,0.625,116.75,114.25
2018-08-14T16:30:00,124,270,16,118.2222222,11,1.5,1.375,118.25,115.625
2018-08-14T17:00:00,118,270,17,114.7777778,-6,0,1.25,118.25,116.875
2018-08-14T17:30:00,129,260,17,112,11,2.75,2,121,118.875
2018-08-14T18:00:00,118,260,18,108,-11,1.25,0.625,122.25,119.5
2018-08-14T18:30:00,118,260,18,104.6666667,0,-1.5,0,120.75,119.5
2018-08-14T19:00:00,118,250,19,101.8888889,0,0,0,120.75,119.5
2018-08-14T19:30:00,113,250,19,98.55555556,-5,-4,-0.625,116.75,118.875
2018-08-14T20:00:00,113,250,20,95.77777778,0,-1.25,0,115.5,118.875
2018-08-14T20:30:00,113,260,20,93.55555556,0,-1.25,-1.375,114.25,117.5
2018-08-14T22:00:00,93,260,22,91.33333333,-20,-6.25,-3.125,108,114.375
2018-08-14T22:30:00,93,260,22,90.77777778,0,-5,-4.5,103,109.875
2018-08-14T23:00:00,93,250,23,90.77777778,0,-5,-3.125,98,106.75
2018-08-14T23:30:00,88,250,23,90.22222222,-5,-6.25,-3.75,91.75,103
2018-08-15T00:00:00,93,250,0,90.77777778,5,0,-3.125,91.75,99.875
2018-08-15T00:30:00,88,250,0,90.77777778,-5,-1.25,-3.125,90.5,96.75
2018-08-15T01:00:00,88,250,1,89.55555556,0,-1.25,-3.125,89.25,93.625
2018-08-15T01:30:00,93,250,1,88.88888889,5,1.25,-2.5,90.5,91.125
2018-08-15T02:00:00,93,240,2,88.88888889,0,0,0,90.5,91.125
2018-08-15T02:30:00,88,250,2,87.11111111,-5,0,-0.625,90.5,90.5
2018-08-15T03:00:00,93,250,3,87.66666667,5,1.25,0,91.75,90.5
2018-08-15T03:30:00,88,240,3,87.66666667,-5,-1.25,0,90.5,90.5
2018-08-15T04:00:00,93,230,4,89.33333333,5,0,0,90.5,90.5
2018-08-15T04:30:00,93,220,4,89.33333333,0,1.25,0.625,91.75,91.125
2018-08-15T05:00:00,77,230,5,91,-16,-4,-1.375,87.75,89.75
2018-08-15T05:30:00,82,220,5,95,5,-1.5,-1.375,86.25,88.375
2018-08-15T06:00:00,93,230,6,98.44444444,11,0,0,86.25,88.375
2018-08-15T06:30:00,77,230,6,103,-16,-4,-1.375,82.25,87
2018-08-15T07:00:00,93,220,7,109.8888889,16,4,0,86.25,87
2018-08-15T07:30:00,93,230,7,115.5555556,0,2.75,0.625,89,87.625
2018-08-15T08:00:00,103,230,8,121.2222222,10,2.5,1.25,91.5,88.875
2018-08-15T08:30:00,93,240,8,126.3333333,-10,4,0,95.5,88.875
2018-08-15T09:00:00,108,240,9,132.5555556,15,3.75,3.875,99.25,92.75
2018-08-15T09:30:00,113,250,9,137.6666667,5,5,3.875,104.25,96.625
2018-08-15T10:00:00,113,260,10,142.2222222,0,2.5,2.5,106.75,99.125
2018-08-15T10:30:00,134,260,10,145.6666667,21,10.25,7.125,117,106.25
2018-08-15T11:00:00,139,250,11,146.7777778,5,7.75,5.75,124.75,112
2018-08-15T11:30:00,144,250,11,147.3333333,5,7.75,6.375,132.5,118.375
2018-08-15T12:00:00,144,260,12,147.3333333,0,7.75,5.125,140.25,123.5
2018-08-15T12:30:00,149,260,12,147.8888889,5,3.75,7,144,130.5
2018-08-15T13:00:00,149,260,13,147.3333333,0,2.5,5.125,146.5,135.625
2018-08-15T13:30:00,154,260,13,146.2222222,5,2.5,5.125,149,140.75
2018-08-15T14:00:00,154,260,14,145.1111111,0,2.5,5.125,151.5,145.875
2018-08-15T14:30:00,144,260,14,143.4444444,-10,-1.25,1.25,150.25,147.125
2018-08-15T15:00:00,144,260,15,141.2222222,0,-1.25,0.625,149,147.75
2018-08-15T15:30:00,144,250,15,139,0,-2.5,0,146.5,147.75
2018-08-15T16:00:00,144,260,16,137.3333333,0,-2.5,0,144,147.75
2018-08-15T16:30:00,149,250,16,133.8888889,5,1.25,0,145.25,147.75
2018-08-15T17:00:00,144,250,17,129.8888889,-5,0,-0.625,145.25,147.125
2018-08-15T17:30:00,139,250,17,125.8888889,-5,-1.25,-1.875,144,145.25
2018-08-15T18:00:00,144,240,18,124.2222222,5,0,-1.25,144,144
2018-08-15T18:30:00,139,240,18,122,-5,-2.5,-0.625,141.5,143.375
2018-08-15T19:00:00,124,240,19,118.5555556,-15,-5,-2.5,136.5,140.875
2018-08-15T19:30:00,124,230,19,115.6666667,0,-3.75,-2.5,132.75,138.375
2018-08-15T20:00:00,129,230,20,113.3333333,5,-3.75,-1.875,129,136.5
2018-08-15T20:30:00,113,230,20,111.5555556,-16,-6.5,-4.5,122.5,132
2018-08-15T21:00:00,113,230,21,109.3333333,0,-2.75,-3.875,119.75,128.125
2018-08-15T21:30:00,108,230,21,108.7777778,-5,-4,-3.875,115.75,124.25
2018-08-15T22:00:00,124,230,22,107.6666667,16,-1.25,-2.5,114.5,121.75
2018-08-15T22:30:00,124,230,22,107,0,2.75,-1.875,117.25,119.875
2018-08-15T23:00:00,108,230,23,105.2222222,-16,-1.25,-2,116,117.875
2018-08-15T23:30:00,98,230,23,106.3333333,-10,-2.5,-3.25,113.5,114.625
2018-08-16T00:00:00,103,230,0,108,5,-5.25,-3.25,108.25,111.375
2018-08-16T00:30:00,113,230,0,109.6666667,10,-2.75,0,105.5,111.375
2018-08-16T01:00:00,93,220,1,110.2222222,-20,-3.75,-2.5,101.75,108.875
2018-08-16T01:30:00,108,230,1,110.7777778,15,2.5,0,104.25,108.875
2018-08-16T02:00:00,98,230,2,109.1111111,-10,-1.25,-3.25,103,105.625
2018-08-16T02:30:00,118,220,2,107.3333333,20,1.25,-0.75,104.25,104.875
2018-08-16T03:00:00,108,230,3,105.6666667,-10,3.75,0,108,104.875
2018-08-16T03:30:00,118,230,3,105.6666667,10,2.5,2.5,110.5,107.375
2018-08-16T04:00:00,113,220,4,105.6666667,-5,3.75,1.25,114.25,108.625
2018-08-16T04:30:00,118,220,4,105.6666667,5,0,0.625,114.25,109.25
2018-08-16T05:00:00,118,220,5,105.1111111,0,2.5,3.125,116.75,112.375
2018-08-16T05:30:00,98,220,5,105.7777778,-20,-5,-1.25,111.75,111.125
2018-08-16T06:00:00,93,220,6,108,-5,-5,-0.625,106.75,110.5
2018-08-16T06:30:00,82,220,6,112.5555556,-11,-9,-4.5,97.75,106
2018-08-16T07:00:00,103,220,7,117.7777778,21,-3.75,-0.625,94,105.375
2018-08-16T07:30:00,108,220,7,122.8888889,5,2.5,-1.25,96.5,104.125
2018-08-16T08:00:00,118,230,8,126.8888889,10,6.25,0.625,102.75,104.75
2018-08-16T08:30:00,113,230,8,128.1111111,-5,7.75,-0.625,110.5,104.125
2018-08-16T09:00:00,113,230,9,131.5555556,0,2.5,-0.625,113,103.5
2018-08-16T09:30:00,124,230,9,135,11,4,3.25,117,106.75
2018-08-16T10:00:00,118,240,10,137.7777778,-6,0,3.125,117,109.875
2018-08-16T10:30:00,134,240,10,140.1111111,16,5.25,6.5,122.25,116.375
2018-08-16T11:00:00,129,240,11,141.7777778,-5,4,3.25,126.25,119.625
2018-08-16T11:30:00,149,250,11,142.3333333,20,6.25,5.125,132.5,124.75
2018-08-16T12:00:00,144,250,12,139.5555556,-5,6.5,3.25,139,128
2018-08-16T12:30:00,129,260,12,137.8888889,-15,-1.25,2,137.75,130
2018-08-16T13:00:00,144,260,13,137.3333333,15,3.75,3.875,141.5,133.875
2018-08-16T13:30:00,144,270,13,136.2222222,0,-1.25,2.5,140.25,136.375
2018-08-16T14:00:00,149,250,14,134,5,1.25,3.875,141.5,140.25
2018-08-16T14:30:00,139,260,14,131.2222222,-10,2.5,0.625,144,140.875
2018-08-16T15:00:00,149,260,15,127.7777778,10,1.25,2.5,145.25,143.375
2018-08-16T15:30:00,134,260,15,123.7777778,-15,-2.5,-1.875,142.75,141.5
2018-08-16T16:00:00,124,260,16,120.8888889,-10,-6.25,-2.5,136.5,139
2018-08-16T16:30:00,129,250,16,119.6666667,5,-2.5,0,134,139
2018-08-16T17:00:00,124,250,17,116.2222222,-5,-6.25,-2.5,127.75,136.5
2018-08-16T17:30:00,134,250,17,112.7777778,10,0,-1.25,127.75,135.25
2018-08-16T18:00:00,124,250,18,107.6666667,-10,0,-3.125,127.75,132.125
2018-08-16T18:30:00,124,250,18,104.2222222,0,-1.25,-1.875,126.5,130.25
2018-08-16T19:00:00,108,240,19,101.8888889,-16,-4,-5.125,122.5,125.125
2018-08-16T19:30:00,113,240,19,102.4444444,5,-5.25,-2.625,117.25,122.5
2018-08-16T20:00:00,108,230,20,100.7777778,-5,-4,-2,113.25,120.5
2018-08-16T20:30:00,113,230,20,100.2222222,5,-2.75,-2,110.5,118.5
2018-08-16T21:00:00,98,230,21,98.55555556,-15,-2.5,-3.25,108,115.25
2018-08-16T21:30:00,93,230,21,97.44444444,-5,-5,-5.125,103,110.125
2018-08-16T22:00:00,88,230,22,97.44444444,-5,-5,-4.5,98,105.625
2018-08-16T22:30:00,93,230,22,97.44444444,5,-5,-3.875,93,101.75
2018-08-16T23:00:00,103,230,23,96.88888889,10,1.25,-0.625,94.25,101.125
2018-08-16T23:30:00,113,220,23,96.33333333,10,5,0,99.25,101.125
2018-08-17T00:00:00,98,230,0,94.11111111,-15,2.5,-1.25,101.75,99.875
2018-08-17T00:30:00,103,220,0,93,5,2.5,-1.25,104.25,98.625
2018-08-17T01:00:00,98,210,1,93,-5,-1.25,0,103,98.625
2018-08-17T01:30:00,88,220,1,91.88888889,-10,-6.25,-0.625,96.75,98
2018-08-17T02:00:00,93,220,2,91.22222222,5,-1.25,0.625,95.5,98.625
2018-08-17T02:30:00,88,230,2,92.33333333,-5,-3.75,-0.625,91.75,98
2018-08-17T03:00:00,88,230,3,92.88888889,0,-2.5,-1.875,89.25,96.125
2018-08-17T03:30:00,98,230,3,92.22222222,10,2.5,-1.875,91.75,94.25
2018-08-17T04:00:00,93,230,4,89.33333333,-5,0,-0.625,91.75,93.625
2018-08-17T04:30:00,88,230,4,88.11111111,-5,0,-1.875,91.75,91.75
2018-08-17T05:00:00,103,230,5,88.11111111,15,3.75,0.625,95.5,92.375
2018-08-17T05:30:00,88,230,5,88.11111111,-15,-2.5,0,93,92.375
2018-08-17T06:00:00,82,230,6,90.88888889,-6,-2.75,-1.375,90.25,91
2018-08-17T06:30:00,103,230,6,94.88888889,21,3.75,1.875,94,92.875
2018-08-17T07:00:00,93,230,7,97.77777778,-10,-2.5,0.625,91.5,93.5
2018-08-17T07:30:00,82,230,7,100,-11,-1.5,-2,90,91.5
2018-08-17T08:00:00,72,240,8,104,-10,-2.5,-2.625,87.5,88.875
2018-08-17T08:30:00,82,240,8,108.5555556,10,-5.25,-0.75,82.25,88.125
2018-08-17T09:00:00,88,240,9,113.7777778,6,-1.25,-1.875,81,86.25
2018-08-17T09:30:00,103,250,9,117.1111111,15,5.25,1.875,86.25,88.125
2018-08-17T10:00:00,113,250,10,120,10,10.25,3.875,96.5,92
2018-08-17T10:30:00,118,260,10,120.5555556,5,9,1.875,105.5,93.875
2018-08-17T11:00:00,129,270,11,121.7777778,11,10.25,4.5,115.75,98.375
2018-08-17T11:30:00,113,260,11,120.5555556,-16,2.5,3.875,118.25,102.25
2018-08-17T12:00:00,118,260,12,121.7777778,5,1.25,5.75,119.5,108
2018-08-17T12:30:00,113,270,12,122.4444444,-5,-1.25,3.875,118.25,111.875
2018-08-17T13:00:00,129,260,13,122.4444444,16,0,5.125,118.25,117
2018-08-17T13:30:00,118,260,13,121.2222222,-11,1.25,1.875,119.5,118.875
2018-08-17T14:00:00,129,270,14,122.4444444,11,2.75,2,122.25,120.875
2018-08-17T14:30:00,118,270,14,121.2222222,-11,1.25,0,123.5,120.875
2018-08-17T15:00:00,129,270,15,121.8888889,11,0,0,123.5,120.875
2018-08-17T15:30:00,118,270,15,121.3333333,-11,0,0.625,123.5,121.5
2018-08-17T16:00:00,124,260,16,120.2222222,6,-1.25,0.75,122.25,122.25
2018-08-17T16:30:00,124,270,16,116.7777778,0,1.5,1.375,123.75,123.625
2018-08-17T17:00:00,113,260,17,114.4444444,-11,-4,-2,119.75,121.625
2018-08-17T17:30:00,118,250,17,112.7777778,5,0,0,119.75,121.625
2018-08-17T18:00:00,129,240,18,109.4444444,11,1.25,0,121,121.625
2018-08-17T18:30:00,118,240,18,106,-11,-1.5,0,119.5,121.625
2018-08-17T19:00:00,124,240,19,103.2222222,6,2.75,-0.625,122.25,121
2018-08-17T19:30:00,124,230,19,100.3333333,0,1.5,0.75,123.75,121.75
2018-08-17T20:00:00,108,230,20,96.33333333,-16,-5.25,-2,118.5,119.75
2018-08-17T20:30:00,93,230,20,94.11111111,-15,-6.25,-3.875,112.25,115.875
2018-08-17T21:00:00,103,230,21,93.55555556,10,-5.25,-1.25,107,114.625
2018-08-17T21:30:00,98,230,21,91.88888889,-5,-6.5,-2.5,100.5,112.125
2018-08-17T22:00:00,88,230,22,90.77777778,-10,-5,-5.125,95.5,107
2018-08-17T22:30:00,98,230,22,92.44444444,10,1.25,-2.5,96.75,104.5
2018-08-17T23:00:00,93,230,23,92.44444444,-5,-2.5,-3.875,94.25,100.625
2018-08-17T23:30:00,98,230,23,93.55555556,5,0,-3.25,94.25,97.375
2018-08-18T00:00:00,88,230,0,96.44444444,-10,0,-2.5,94.25,94.875
2018-08-18T00:30:00,88,230,0,98.66666667,0,-2.5,-0.625,91.75,94.25
2018-08-18T01:00:00,88,230,1,97.44444444,0,-1.25,-1.875,90.5,92.375
2018-08-18T01:30:00,88,230,1,97.44444444,0,-2.5,-1.25,88,91.125
2018-08-18T02:00:00,88,230,2,97.44444444,0,0,0,88,91.125
2018-08-18T02:30:00,103,230,2,96.22222222,15,3.75,0.625,91.75,91.75
2018-08-18T03:00:00,98,230,3,93.88888889,-5,2.5,0.625,94.25,92.375
2018-08-18T03:30:00,103,220,3,92.77777778,5,3.75,0.625,98,93
2018-08-18T04:00:00,124,220,4,90.44444444,21,9,4.5,107,97.5
2018-08-18T04:30:00,108,220,4,88.66666667,-16,1.25,2.5,108.25,100
2018-08-18T05:00:00,77,220,5,89.22222222,-31,-5.25,-1.375,103,98.625
2018-08-18T05:30:00,88,220,5,92.66666667,11,-3.75,0,99.25,98.625
2018-08-18T06:00:00,88,220,6,94.33333333,0,-9,0,90.25,98.625
2018-08-18T06:30:00,77,220,6,95.44444444,-11,-7.75,-3.25,82.5,95.375
2018-08-18T07:00:00,82,220,7,100,5,1.25,-2,83.75,93.375
2018-08-18T07:30:00,88,230,7,102.8888889,6,0,-1.875,83.75,91.5
2018-08-18T08:00:00,82,230,8,105.1111111,-6,-1.5,-5.25,82.25,86.25
2018-08-18T08:30:00,108,230,8,108.5555556,26,7.75,0,90,86.25
2018-08-18T09:00:00,113,240,9,110.3333333,5,7.75,4.5,97.75,90.75
2018-08-18T09:30:00,108,240,9,113.7777778,-5,5,2.5,102.75,93.25
2018-08-18T10:00:00,103,240,10,117.7777778,-5,5.25,1.875,108,95.125
2018-08-18T10:30:00,98,250,10,121.2222222,-5,-2.5,2.625,105.5,97.75
2018-08-18T11:00:00,118,240,11,124.1111111,20,1.25,4.5,106.75,102.25
2018-08-18T11:30:00,108,250,11,124.1111111,-10,0,2.5,106.75,104.75
2018-08-18T12:00:00,108,260,12,125.2222222,0,1.25,3.25,108,108
2018-08-18T12:30:00,113,250,12,126.3333333,5,3.75,0.625,111.75,108.625
2018-08-18T13:00:00,124,260,13,126.8888889,11,1.5,1.375,113.25,110
2018-08-18T13:30:00,144,260,13,126.2222222,20,9,4.5,122.25,114.5
2018-08-18T14:00:00,144,260,14,124,0,9,5.125,131.25,119.625
2018-08-18T14:30:00,134,270,14,119.4444444,-10,5.25,4.5,136.5,124.125
2018-08-18T15:00:00,124,260,15,118.3333333,-10,0,0.75,136.5,124.875
2018-08-18T15:30:00,118,270,15,116.5555556,-6,-6.5,1.25,130,126.125
2018-08-18T16:00:00,118,260,16,113.2222222,0,-6.5,1.25,123.5,127.375
2018-08-18T16:30:00,118,270,16,112.6666667,0,-4,0.625,119.5,128
2018-08-18T17:00:00,118,270,17,109.3333333,0,-1.5,-0.75,118,127.25
2018-08-18T17:30:00,118,260,17,107.1111111,0,0,-3.25,118,124
2018-08-18T18:00:00,124,250,18,104.3333333,6,1.5,-2.5,119.5,121.5
2018-08-18T18:30:00,103,250,18,101.4444444,-21,-3.75,-3.875,115.75,117.625
2018-08-18T19:00:00,124,240,19,99.77777778,21,1.5,0,117.25,117.625
2018-08-18T19:30:00,108,230,19,96.33333333,-16,-2.5,-1.25,114.75,116.375
2018-08-18T20:00:00,88,230,20,92.88888889,-20,-9,-3.75,105.75,112.625
2018-08-18T20:30:00,113,230,20,92.22222222,25,2.5,-0.625,108.25,112
2018-08-18T21:00:00,88,230,21,87.66666667,-25,-9,-3.75,99.25,108.25
2018-08-18T21:30:00,98,230,21,84.77777778,10,-2.5,-2.5,96.75,105.75
2018-08-18T22:00:00,93,230,22,82.44444444,-5,1.25,-3.875,98,101.875
2018-08-18T22:30:00,98,230,22,80.66666667,5,-3.75,-0.625,94.25,101.25
2018-08-18T23:00:00,88,230,23,78.88888889,-10,0,-4.5,94.25,96.75
2018-08-18T23:30:00,93,220,23,77.66666667,5,-1.25,-1.875,93,94.875
2018-08-19T00:00:00,77,230,0,78.22222222,-16,-4,-1.375,89,93.5
2018-08-19T00:30:00,82,230,0,81.11111111,5,-4,-3.875,85,89.625
2018-08-19T01:00:00,72,220,1,81.11111111,-10,-4,-2,81,87.625
2018-08-19T01:30:00,62,220,1,81.11111111,-10,-7.75,-4.5,73.25,83.125
2018-08-19T02:00:00,77,220,2,82.22222222,15,0,-2,73.25,81.125
2018-08-19T02:30:00,77,220,2,84.55555556,0,-1.25,-2.625,72,78.5
2018-08-19T03:00:00,82,220,3,86.33333333,5,2.5,-0.75,74.5,77.75
2018-08-19T03:30:00,77,220,3,85.77777778,-5,3.75,-2,78.25,75.75
2018-08-19T04:00:00,98,220,4,87.55555556,21,5.25,2.625,83.5,78.375
2018-08-19T04:30:00,103,220,4,85.77777778,5,6.5,2.625,90,81
2018-08-19T05:00:00,82,220,5,84.66666667,-21,0,1.25,90,82.25
2018-08-19T05:30:00,72,220,5,86.44444444,-10,-1.25,1.25,88.75,83.5
2018-08-19T06:00:00,72,220,6,89.33333333,0,-6.5,-0.625,82.25,82.875
2018-08-19T06:30:00,98,220,6,94.44444444,26,-1.25,2.625,81,85.5
2018-08-19T07:00:00,93,220,7,95,-5,2.75,1.375,83.75,86.875
2018-08-19T07:30:00,77,220,7,97.22222222,-16,1.25,0,85,86.875
2018-08-19T08:00:00,93,230,8,102.4444444,16,5.25,-0.625,90.25,86.25
2018-08-19T08:30:00,82,230,8,105.8888889,-11,-4,-2.625,86.25,83.625
2018-08-19T09:00:00,93,240,9,111.1111111,11,0,1.375,86.25,85
2018-08-19T09:30:00,98,250,9,114.5555556,5,5.25,3.25,91.5,88.25
2018-08-19T10:00:00,98,250,10,118,0,1.25,3.25,92.75,91.5
2018-08-19T10:30:00,118,250,10,120.8888889,20,9,2.5,101.75,94
2018-08-19T11:00:00,103,250,11,120.8888889,-15,2.5,1.25,104.25,95.25
2018-08-19T11:30:00,113,260,11,122.5555556,10,3.75,4.5,108,99.75
2018-08-19T12:00:00,124,260,12,123.7777778,11,6.5,3.875,114.5,103.625
2018-08-19T12:30:00,124,260,12,123.7777778,0,1.5,5.25,116,108.875
2018-08-19T13:00:00,129,260,13,124.3333333,5,6.5,4.5,122.5,113.375
2018-08-19T13:30:00,124,260,13,123.7777778,-5,2.75,3.25,125.25,116.625
2018-08-19T14:00:00,129,260,14,122,5,1.25,3.875,126.5,120.5
2018-08-19T14:30:00,124,260,14,119.6666667,-5,0,0.75,126.5,121.25
2018-08-19T15:00:00,118,270,15,117.3333333,-6,-2.75,1.875,123.75,123.125
2018-08-19T15:30:00,118,260,15,115.1111111,0,-1.5,0.625,122.25,123.75
2018-08-19T16:00:00,124,260,16,111.7777778,6,-1.25,0,121,123.75
2018-08-19T16:30:00,124,260,16,107.7777778,0,0,0,121,123.75
2018-08-19T17:00:00,129,260,17,103.1111111,5,2.75,0,123.75,123.75
2018-08-19T17:30:00,124,250,17,97.88888889,-5,1.5,0,125.25,123.75
2018-08-19T18:00:00,108,250,18,93.88888889,-16,-4,-2.625,121.25,121.125
2018-08-19T18:30:00,108,240,18,91.66666667,0,-4,-2,117.25,119.125
2018-08-19T19:00:00,103,240,19,89.44444444,-5,-6.5,-1.875,110.75,117.25
2018-08-19T19:30:00,98,230,19,88.88888889,-5,-6.5,-2.5,104.25,114.75
2018-08-19T20:00:00,88,230,20,87.77777778,-10,-5,-4.5,99.25,110.25
2018-08-19T20:30:00,88,230,20,88.33333333,0,-5,-4.5,94.25,105.75
2018-08-19T21:00:00,82,230,21,90,-6,-5.25,-5.875,89,99.875
2018-08-19T21:30:00,82,230,21,90,0,-4,-5.25,85,94.625
2018-08-19T22:00:00,88,230,22,91.22222222,6,0,-2.5,85,92.125
2018-08-19T22:30:00,88,220,22,90,0,0,-2.5,85,89.625
2018-08-19T23:00:00,88,220,23,89.33333333,0,1.5,-1.875,86.5,87.75
2018-08-19T23:30:00,98,220,23,89.33333333,10,4,0,90.5,87.75
2018-08-20T00:00:00,88,220,0,86.44444444,-10,0,0,90.5,87.75
2018-08-20T00:30:00,93,220,0,84.11111111,5,1.25,0.625,91.75,88.375
2018-08-20T01:00:00,103,220,1,82.88888889,10,3.75,2.625,95.5,91
2018-08-20T01:30:00,82,220,1,80.55555556,-21,-4,0,91.5,91
2018-08-20T02:00:00,93,220,2,80.55555556,11,1.25,0.625,92.75,91.625
2018-08-20T02:30:00,77,220,2,77.11111111,-16,-4,-1.375,88.75,90.25
2018-08-20T03:00:00,82,220,3,75.44444444,5,-5.25,-0.75,83.5,89.5
2018-08-20T03:30:00,88,220,3,73.22222222,6,1.5,-1.25,85,88.25
2018-08-20T04:00:00,72,220,4,70.33333333,-16,-5.25,-2,79.75,86.25
2018-08-20T04:30:00,67,220,4,71.44444444,-5,-2.5,-3.25,77.25,83
2018-08-20T05:00:00,82,220,5,74.88888889,15,0,-2.625,77.25,80.375
2018-08-20T05:30:00,82,220,5,76.66666667,0,-1.5,0,75.75,80.375
2018-08-20T06:00:00,82,220,6,76.66666667,0,2.5,-1.375,78.25,79
2018-08-20T06:30:00,62,220,6,78.44444444,-20,-1.25,-1.875,77,77.125
2018-08-20T07:00:00,62,220,7,83,0,-5,-2.5,72,74.625
2018-08-20T07:30:00,62,220,7,87.55555556,0,-5,-3.25,67,71.375
2018-08-20T08:00:00,62,220,8,92.66666667,0,-5,-1.25,62,70.125
2018-08-20T08:30:00,82,230,8,97.77777778,20,5,1.875,67,72
2018-08-20T09:00:00,98,240,9,101.2222222,16,9,2,76,74
2018-08-20T09:30:00,98,240,9,102.8888889,0,9,2,85,76
2018-08-20T10:00:00,82,250,10,104.5555556,-16,5,0,90,76
2018-08-20T10:30:00,98,250,10,108.5555556,16,4,4.5,94,80.5
2018-08-20T11:00:00,103,250,11,110.7777778,5,1.25,5.125,95.25,85.625
2018-08-20T11:30:00,103,260,11,113.1111111,0,1.25,5.125,96.5,90.75
2018-08-20T12:00:00,108,260,12,115.4444444,5,6.5,5.75,103,96.5
2018-08-20T12:30:00,108,260,12,117.7777778,0,2.5,3.25,105.5,99.75
2018-08-20T13:00:00,113,260,13,119.5555556,5,2.5,1.875,108,101.625
2018-08-20T13:30:00,113,260,13,120.1111111,0,2.5,1.875,110.5,103.5
2018-08-20T14:00:00,113,260,14,119.5555556,0,1.25,3.875,111.75,107.375
2018-08-20T14:30:00,118,260,14,119,5,2.5,2.5,114.25,109.875
2018-08-20T15:00:00,118,260,15,116.7777778,0,1.25,1.875,115.5,111.75
2018-08-20T15:30:00,124,260,15,112.2222222,6,2.75,2.625,118.25,114.375
2018-08-20T16:00:00,124,260,16,107.5555556,0,2.75,2,121,116.375
2018-08-20T16:30:00,129,260,16,101.7777778,5,2.75,2.625,123.75,119
2018-08-20T17:00:00,124,260,17,96.55555556,-5,1.5,1.375,125.25,120.375
2018-08-20T17:30:00,118,250,17,91.88888889,-6,-1.5,0.625,123.75,121
2018-08-20T18:00:00,108,250,18,86.77777778,-10,-4,-0.625,119.75,120.375
2018-08-20T18:30:00,108,240,18,83.88888889,0,-5.25,-1.25,114.5,119.125
2018-08-20T19:00:00,98,240,19,80.44444444,-10,-6.5,-2.5,108,116.625
2018-08-20T19:30:00,77,240,19,77.55555556,-21,-10.25,-5.875,97.75,110.75
2018-08-20T20:00:00,82,230,20,76.44444444,5,-6.5,-5.25,91.25,105.5
2018-08-20T20:30:00,72,230,20,74.22222222,-10,-9,-7.125,82.25,98.375
2018-08-20T21:00:00,82,230,21,74.22222222,10,-4,-5.25,78.25,93.125
2018-08-20T21:30:00,82,230,21,72.55555556,0,1.25,-4.5,79.5,88.625
2018-08-20T22:00:00,72,230,22,72,-10,-2.5,-4.5,77,84.125
2018-08-20T22:30:00,82,230,22,70.33333333,10,2.5,-3.25,79.5,80.875
2018-08-20T23:00:00,77,230,23,67.55555556,-5,-1.25,-2.625,78.25,78.25
2018-08-20T23:30:00,72,230,23,64.66666667,-5,-2.5,-0.625,75.75,77.625
2018-08-21T00:00:00,67,230,0,61.77777778,-5,-1.25,-1.875,74.5,75.75
2018-08-21T00:30:00,62,220,0,60,-5,-5,-1.25,69.5,74.5
2018-08-21T01:00:00,72,220,1,58.22222222,10,-1.25,-1.25,68.25,73.25
2018-08-21T01:30:00,67,220,1,57.11111111,-5,-1.25,-1.875,67,71.375
2018-08-21T02:00:00,77,220,2,58.77777778,10,2.5,0.625,69.5,72
2018-08-21T02:30:00,57,220,2,60,-20,-1.25,-3.125,68.25,68.875
2018-08-21T03:00:00,57,220,3,60.55555556,0,-3.75,-2.5,64.5,66.375
2018-08-21T03:30:00,51,220,3,61.11111111,-6,-4,-2.625,60.5,63.75
2018-08-21T04:00:00,46,220,4,62.33333333,-5,-7.75,-2.625,52.75,61.125
2018-08-21T04:30:00,51,220,4,65.22222222,5,-1.5,-1.375,51.25,59.75
2018-08-21T05:00:00,46,210,5,68.66666667,-5,-2.75,-3.25,48.5,56.5
2018-08-21T05:30:00,62,220,5,72.11111111,16,2.75,-0.625,51.25,55.875
2018-08-21T06:00:00,82,220,6,74.33333333,20,9,0.625,60.25,56.5
2018-08-21T06:30:00,88,220,6,75.55555556,6,9.25,3.875,69.5,60.375
2018-08-21T07:00:00,62,220,7,76.11111111,-26,4,0.625,73.5,61
2018-08-21T07:30:00,62,220,7,80.11111111,0,0,1.375,73.5,62.375
2018-08-21T08:00:00,62,230,8,84.11111111,0,-5,2,68.5,64.375
2018-08-21T08:30:00,72,230,8,85.77777778,10,-4,2.625,64.5,67
2018-08-21T09:00:00,82,240,9,85.77777778,10,5,4.5,69.5,71.5
2018-08-21T09:30:00,77,240,9,85.22222222,-5,3.75,1.875,73.25,73.375
2018-08-21T10:00:00,82,240,10,85.22222222,5,5,0,78.25,73.375
2018-08-21T10:30:00,93,250,10,85.22222222,11,5.25,0.625,83.5,74
2018-08-21T11:00:00,93,250,11,85.77777778,0,2.75,3.875,86.25,77.875
2018-08-21T11:30:00,98,250,11,86.33333333,5,5.25,4.5,91.5,82.375
2018-08-21T12:00:00,98,250,12,88,0,4,4.5,95.5,86.875
2018-08-21T12:30:00,77,260,12,89.66666667,-21,-4,0.625,91.5,87.5
2018-08-21T13:00:00,72,260,13,93.66666667,-5,-5.25,-1.25,86.25,86.25
2018-08-21T13:30:00,77,250,13,97.66666667,5,-5.25,0,81,86.25
2018-08-21T14:00:00,77,260,14,100.5555556,0,-5.25,-0.625,75.75,85.625
2018-08-21T14:30:00,82,260,14,103.4444444,5,1.25,-1.375,77,84.25
2018-08-21T15:00:00,98,260,15,104.1111111,16,6.5,0.625,83.5,84.875
2018-08-21T15:30:00,98,260,15,103.5555556,0,5.25,0,88.75,84.875
2018-08-21T16:00:00,113,250,16,101.7777778,15,9,1.875,97.75,86.75
2018-08-21T16:30:00,113,260,16,97.77777778,0,7.75,4.5,105.5,91.25
2018-08-21T17:00:00,113,250,17,92.66666667,0,3.75,5.125,109.25,96.375
2018-08-21T17:30:00,108,250,17,87.55555556,-5,2.5,3.875,111.75,100.25
2018-08-21T18:00:00,103,250,18,82.44444444,-5,-2.5,3.25,109.25,103.5
2018-08-21T18:30:00,103,240,18,78.44444444,0,-2.5,2.625,106.75,106.125
2018-08-21T19:00:00,88,240,19,73.88888889,-15,-6.25,-1.25,100.5,104.875
2018-08-21T19:30:00,93,240,19,71,5,-3.75,-0.625,96.75,104.25
2018-08-21T20:00:00,82,230,20,68.11111111,-11,-5.25,-3.875,91.5,100.375
2018-08-21T20:30:00,77,230,20,67,-5,-6.5,-4.5,85,95.875
2018-08-21T21:00:00,67,230,21,65.88888889,-10,-5.25,-5.75,79.75,90.125
2018-08-21T21:30:00,67,230,21,66.44444444,0,-6.5,-5.125,73.25,85
2018-08-21T22:00:00,62,230,22,66.44444444,-5,-5,-5.125,68.25,79.875
2018-08-21T22:30:00,67,230,22,67,5,-2.5,-4.5,65.75,75.375
2018-08-21T23:00:00,62,230,23,67,-5,-1.25,-3.25,64.5,72.125
2018-08-21T23:30:00,62,220,23,67,0,-1.25,-3.875,63.25,68.25
2018-08-22T00:00:00,67,220,0,67.55555556,5,1.25,-1.875,64.5,66.375
2018-08-22T00:30:00,72,220,0,67,5,1.25,-0.625,65.75,65.75
2018-08-22T01:00:00,67,220,1,65.88888889,-5,1.25,0,67,65.75
2018-08-22T01:30:00,72,220,1,65.88888889,5,2.5,0.625,69.5,66.375
2018-08-22T02:00:00,67,220,2,65.33333333,-5,0,0.625,69.5,67
2018-08-22T02:30:00,67,220,2,64.77777778,0,-1.25,0,68.25,67
2018-08-22T03:00:00,67,220,3,61.88888889,0,0,0.625,68.25,67.625
2018-08-22T03:30:00,62,220,3,58.44444444,-5,-2.5,0,65.75,67.625
2018-08-22T04:00:00,67,220,4,55.55555556,5,0,0,65.75,67.625
2018-08-22T04:30:00,62,220,4,52.66666667,-5,-1.25,-1.25,64.5,66.375
2018-08-22T05:00:00,62,220,5,50.88888889,0,-1.25,-0.625,63.25,65.75
2018-08-22T05:30:00,67,220,5,49.11111111,5,1.25,-0.625,64.5,65.125
2018-08-22T06:00:00,67,220,6,48,0,0,0,64.5,65.125
2018-08-22T06:30:00,62,220,6,46.88888889,-5,0,-0.625,64.5,64.5
2018-08-22T07:00:00,41,220,7,46.88888889,-21,-5.25,-3.25,59.25,61.25
2018-08-22T07:30:00,36,220,7,48,-5,-7.75,-3.25,51.5,58
2018-08-22T08:00:00,36,230,8,48.55555556,0,-7.75,-3.875,43.75,54.125
2018-08-22T08:30:00,41,230,8,48.55555556,5,-5.25,-2.625,38.5,51.5
2018-08-22T09:00:00,46,230,9,49.11111111,5,1.25,-2,39.75,49.5
2018-08-22T09:30:00,46,240,9,50.33333333,0,2.5,-2.625,42.25,46.875
2018-08-22T10:00:00,57,240,10,52.66666667,11,5.25,-1.25,47.5,45.625
2018-08-22T10:30:00,57,240,10,53.77777778,0,4,-0.625,51.5,45
2018-08-22T11:00:00,62,250,11,53.77777778,5,4,2.625,55.5,47.625
2018-08-22T11:30:00,51,250,11,53.22222222,-11,1.25,1.875,56.75,49.5
2018-08-22T12:00:00,41,250,12,55,-10,-4,0.625,52.75,50.125
2018-08-22T12:30:00,36,250,12,58.44444444,-5,-5.25,-0.625,47.5,49.5
2018-08-22T13:00:00,46,260,13,63,10,-4,0,43.5,49.5
2018-08-22T13:30:00,57,260,13,67.66666667,11,1.5,1.375,45,50.875
2018-08-22T14:00:00,67,250,14,73.33333333,10,6.5,1.25,51.5,52.125
2018-08-22T14:30:00,67,260,14,77.33333333,0,7.75,1.25,59.25,53.375
2018-08-22T15:00:00,57,260,15,80.77777778,-10,2.75,-0.625,62,52.75
2018-08-22T15:30:00,57,260,15,84.77777778,0,0,0.75,62,53.5
2018-08-22T16:00:00,67,250,16,88.77777778,10,0,3.25,62,56.75
2018-08-22T16:30:00,72,260,16,89.33333333,5,1.25,4.5,63.25,61.25
2018-08-22T17:00:00,77,250,17,90.44444444,5,5,3.875,68.25,65.125
2018-08-22T17:30:00,88,250,17,92.22222222,11,7.75,3.875,76,69
2018-08-22T18:00:00,108,250,18,93.88888889,20,10.25,5.125,86.25,74.125
2018-08-22T18:30:00,103,240,18,91.66666667,-5,7.75,4.5,94,78.625
2018-08-22T19:00:00,98,240,19,90,-5,5.25,5.125,99.25,83.75
2018-08-22T19:30:00,93,230,19,87.11111111,-5,1.25,4.5,100.5,88.25
2018-08-22T20:00:00,93,230,20,84.77777778,0,-3.75,3.25,96.75,91.5
2018-08-22T20:30:00,72,230,20,83,-21,-7.75,0,89,91.5
2018-08-22T21:00:00,82,230,21,82.44444444,10,-4,0.625,85,92.125
2018-08-22T21:30:00,93,230,21,80.22222222,11,0,0.625,85,92.75
2018-08-22T22:00:00,103,230,22,76.77777778,10,2.5,-0.625,87.5,92.125
2018-08-22T22:30:00,88,230,22,72.22222222,-15,4,-1.875,91.5,90.25
2018-08-22T23:00:00,88,230,23,68.11111111,0,1.5,-1.25,93,89
2018-08-22T23:30:00,72,220,23,64,-16,-5.25,-2.625,87.75,86.375
2018-08-23T00:00:00,72,220,0,60.55555556,0,-7.75,-2.625,80,83.75
2018-08-23T00:30:00,77,220,0,57.11111111,5,-2.75,0.625,77.25,84.375
2018-08-23T01:00:00,67,220,1,53.11111111,-10,-5.25,-1.875,72,82.5
2018-08-23T01:30:00,62,220,1,50.77777778,-5,-2.5,-3.875,69.5,78.625
2018-08-23T02:00:00,62,220,2,50.77777778,0,-2.5,-5.125,67,73.5
2018-08-23T02:30:00,62,220,2,51.33333333,0,-3.75,-3.25,63.25,70.25
2018-08-23T03:00:00,51,220,3,51.88888889,-11,-4,-4.625,59.25,65.625
2018-08-23T03:30:00,51,220,3,54.22222222,0,-2.75,-2.625,56.5,63
2018-08-23T04:00:00,41,220,4,56.55555556,-10,-5.25,-3.875,51.25,59.125
2018-08-23T04:21:00,41,220,4,59.44444444,0,-5.25,-4.5,46,54.625
2018-08-23T04:30:00,41,220,4,62.33333333,0,-2.5,-3.25,43.5,51.375
2018-08-23T05:00:00,46,220,5,64.66666667,5,-1.25,-2,42.25,49.375
2018-08-23T05:30:00,62,220,5,68.11111111,16,5.25,0,47.5,49.375
2018-08-23T06:00:00,67,220,6,69.22222222,5,6.5,0.625,54,50
2018-08-23T06:11:00,67,220,6,72.11111111,0,6.5,2,60.5,52
2018-08-23T06:23:00,72,220,6,75.55555556,5,6.5,2.625,67,54.625
2018-08-23T06:30:00,72,220,6,79,0,2.5,3.875,69.5,58.5
2018-08-23T07:00:00,67,220,7,82.44444444,-5,0,3.25,69.5,61.75
2018-08-23T07:30:00,67,220,7,86.44444444,0,0,3.25,69.5,65
2018-08-23T08:00:00,62,230,8,90.44444444,-5,-2.5,2,67,67
2018-08-23T08:30:00,77,230,8,95,15,1.25,1.875,68.25,68.875
2018-08-23T09:00:00,72,240,9,99,-5,1.25,0.625,69.5,69.5
2018-08-23T09:30:00,93,250,9,103.5555556,21,6.5,3.25,76,72.75
2018-08-23T10:00:00,98,250,10,105.2222222,5,9,3.25,85,76
2018-08-23T10:30:00,103,250,10,106.8888889,5,6.5,3.875,91.5,79.875
2018-08-23T11:00:00,103,250,11,108,0,7.75,4.5,99.25,84.375
2018-08-23T11:30:00,103,250,11,108.5555556,0,2.5,4.5,101.75,88.875
2018-08-23T12:00:00,103,260,12,109.6666667,0,1.25,5.125,103,94
2018-08-23T12:30:00,103,260,12,111.3333333,0,0,3.25,103,97.25
2018-08-23T13:00:00,113,260,13,112.4444444,10,2.5,5.125,105.5,102.375
2018-08-23T13:30:00,113,260,13,112.4444444,0,2.5,2.5,108,104.875
2018-08-23T14:00:00,108,260,14,113,-5,1.25,1.25,109.25,106.125
2018-08-23T14:30:00,113,260,14,113.5555556,5,2.5,1.25,111.75,107.375
2018-08-23T15:00:00,113,260,15,113,0,0,1.25,111.75,108.625
2018-08-23T15:30:00,108,260,15,113,-5,-1.25,0.625,110.5,109.25
2018-08-23T16:00:00,113,260,16,112.4444444,5,1.25,1.25,111.75,110.5
2018-08-23T16:30:00,118,260,16,111.8888889,5,1.25,1.875,113,112.375
2018-08-23T17:00:00,113,250,17,110.2222222,-5,0,0,113,112.375
2018-08-23T17:30:00,113,250,17,108.5555556,0,1.25,0,114.25,112.375
2018-08-23T18:00:00,118,250,18,106.3333333,5,1.25,1.25,115.5,113.625
2018-08-23T18:30:00,113,240,18,103,-5,-1.25,0,114.25,113.625
2018-08-23T19:00:00,108,240,19,101.3333333,-5,-1.25,-0.625,113,113
2018-08-23T19:30:00,113,240,19,99.66666667,5,0,0.625,113,113.625
2018-08-23T20:00:00,103,240,20,96.22222222,-10,-3.75,-1.25,109.25,112.375
2018-08-23T20:30:00,108,230,20,93.88888889,5,-1.25,-1.25,108,111.125
2018-08-23T21:00:00,103,230,21,91,-5,-1.25,-1.25,106.75,109.875
2018-08-23T21:30:00,98,230,21,89.33333333,-5,-3.75,-1.875,103,108
2018-08-23T22:00:00,93,230,22,88.77777778,-5,-2.5,-3.125,100.5,104.875
2018-08-23T22:30:00,88,230,22,88.77777778,-5,-5,-3.125,95.5,101.75
2018-08-23T23:00:00,98,230,23,89.33333333,10,-1.25,-1.25,94.25,100.5
2018-08-23T23:30:00,93,230,23,88.22222222,-5,-1.25,-2.5,93,98
2018-08-24T00:00:00,82,230,0,86.44444444,-11,-2.75,-2.625,90.25,95.375
2018-08-24T00:30:00,82,230,0,85.88888889,0,-1.5,-3.25,88.75,92.125
2018-08-24T01:00:00,82,220,1,85.88888889,0,-4,-2.625,84.75,89.5
2018-08-24T01:30:00,88,220,1,85.88888889,6,-1.25,-1.25,83.5,88.25
2018-08-24T02:00:00,93,220,2,84.66666667,5,2.75,0,86.25,88.25
2018-08-24T02:30:00,93,220,2,82.88888889,0,2.75,0.625,89,88.875
2018-08-24T03:00:00,93,220,3,81.66666667,0,2.75,-0.625,91.75,88.25
2018-08-24T03:30:00,88,220,3,81.66666667,-5,0,-0.625,91.75,87.625
2018-08-24T04:00:00,77,220,4,81.66666667,-11,-4,-0.625,87.75,87
2018-08-24T04:30:00,77,220,4,83.44444444,0,-4,-0.625,83.75,86.375
2018-08-24T05:00:00,82,220,5,84.66666667,5,-2.75,0,81,86.375
2018-08-24T05:30:00,82,220,5,85.33333333,0,-1.5,-0.75,79.5,85.625
2018-08-24T06:00:00,77,220,6,85.33333333,-5,0,-2,79.5,83.625
2018-08-24T06:30:00,77,220,6,87.11111111,0,0,-2,79.5,81.625
2018-08-24T07:00:00,82,220,7,88.33333333,5,0,-1.375,79.5,80.25
2018-08-24T07:30:00,93,220,7,89.55555556,11,2.75,0.625,82.25,80.875
2018-08-24T08:00:00,88,230,8,89.55555556,-5,2.75,1.375,85,82.25
2018-08-24T08:30:00,93,240,8,91.22222222,5,4,2,89,84.25
2018-08-24T09:00:00,88,250,9,91.22222222,-5,1.5,0.75,90.5,85
2018-08-24T09:30:00,88,270,9,91.77777778,0,-1.25,0.75,89.25,85.75
2018-08-24T10:00:00,82,280,10,92.33333333,-6,-1.5,0.625,87.75,86.375
2018-08-24T10:30:00,93,280,10,93.55555556,11,0,2,87.75,88.375
2018-08-24T11:00:00,88,290,11,95.22222222,-5,0,0.75,87.75,89.125
2018-08-24T11:30:00,93,290,11,97.44444444,5,1.25,0,89,89.125
2018-08-24T12:00:00,93,290,12,98,0,2.75,0.625,91.75,89.75
2018-08-24T12:30:00,103,290,12,99.11111111,10,2.5,1.25,94.25,91
2018-08-24T13:00:00,93,300,13,98.55555556,-10,1.25,0.625,95.5,91.625
2018-08-24T13:30:00,93,310,13,100.2222222,0,0,0.625,95.5,92.25
2018-08-24T14:00:00,93,310,14,100.7777778,0,0,1.375,95.5,93.625
2018-08-24T14:30:00,93,310,14,99.55555556,0,-2.5,0,93,93.625
2018-08-24T15:00:00,108,310,15,99.55555556,15,3.75,2.5,96.75,96.125
2018-08-24T15:30:00,108,310,15,97.88888889,0,3.75,1.875,100.5,98
2018-08-24T16:00:00,98,320,16,96.22222222,-10,1.25,0.625,101.75,98.625
2018-08-24T16:30:00,103,310,16,96.22222222,5,2.5,0,104.25,98.625
2018-08-24T17:00:00,98,310,17,95.66666667,-5,-2.5,0.625,101.75,99.25
2018-08-24T17:30:00,108,310,17,95.11111111,10,0,1.875,101.75,101.125
